date;nombre
2009/01/03 00:00;0.000000117
2009/01/06 00:00;0.0
2009/01/09 00:00;0.00000164
2009/01/12 00:00;0.0000104
2009/01/15 00:00;0.0000149
2009/01/18 00:00;0.0000118
2009/01/21 00:00;0.0000132
2009/01/24 00:00;0.0000233
2009/01/27 00:00;0.0000121
2009/01/30 00:00;0.0000142
2009/02/02 00:00;0.0000149
2009/02/05 00:00;0.0000142
2009/02/08 00:00;0.0000157
2009/02/11 00:00;0.0000153
2009/02/14 00:00;0.0000165
2009/02/17 00:00;0.0000138
2009/02/20 00:00;0.000015
2009/02/23 00:00;0.0000125
2009/02/26 00:00;0.0000112
2009/03/01 00:00;0.0000124
2009/03/04 00:00;0.0000124
2009/03/07 00:00;0.000013
2009/03/10 00:00;0.0000123
2009/03/13 00:00;0.0000134
2009/03/16 00:00;0.0000152
2009/03/19 00:00;0.0000143
2009/03/22 00:00;0.0000111
2009/03/25 00:00;0.0000136
2009/03/28 00:00;0.0000139
2009/03/31 00:00;0.0000132
2009/04/03 00:00;0.0000132
2009/04/06 00:00;0.0000135
2009/04/09 00:00;0.0000116
2009/04/12 00:00;0.0000135
2009/04/15 00:00;0.0000131
2009/04/18 00:00;0.0000143
2009/04/21 00:00;0.0000144
2009/04/24 00:00;0.0000132
2009/04/27 00:00;0.0000123
2009/04/30 00:00;0.0000155
2009/05/03 00:00;0.0000134
2009/05/06 00:00;0.0000161
2009/05/09 00:00;0.0000107
2009/05/12 00:00;0.0000149
2009/05/15 00:00;0.0000168
2009/05/18 00:00;0.0000145
2009/05/21 00:00;0.0000104
2009/05/24 00:00;0.0000112
2009/05/27 00:00;0.0000146
2009/05/30 00:00;0.0000121
2009/06/02 00:00;0.0000104
2009/06/05 00:00;0.00000668
2009/06/08 00:00;0.00000844
2009/06/11 00:00;0.0000109
2009/06/14 00:00;0.0000082
2009/06/17 00:00;0.00000902
2009/06/20 00:00;0.00000984
2009/06/23 00:00;0.00000891
2009/06/26 00:00;0.0000104
2009/06/29 00:00;0.00000891
2009/07/02 00:00;0.00000844
2009/07/05 00:00;0.00000937
2009/07/08 00:00;0.00000926
2009/07/11 00:00;0.00000984
2009/07/14 00:00;0.00000844
2009/07/17 00:00;0.00000762
2009/07/20 00:00;0.00000879
2009/07/23 00:00;0.00000773
2009/07/26 00:00;0.00000152
2009/07/29 00:00;0.00000375
2009/08/01 00:00;0.0000027
2009/08/04 00:00;0.0000068
2009/08/07 00:00;0.00000867
2009/08/10 00:00;0.00000961
2009/08/13 00:00;0.00000949
2009/08/16 00:00;0.00000293
2009/08/19 00:00;0.00000176
2009/08/22 00:00;0.000000937
2009/08/25 00:00;0.00000644
2009/08/28 00:00;0.0000075
2009/08/31 00:00;0.000011
2009/09/03 00:00;0.00000703
2009/09/06 00:00;0.00000844
2009/09/09 00:00;0.0000068
2009/09/12 00:00;0.00000832
2009/09/15 00:00;0.00000656
2009/09/18 00:00;0.00000949
2009/09/21 00:00;0.00000867
2009/09/24 00:00;0.00000961
2009/09/27 00:00;0.0000104
2009/09/30 00:00;0.0000102
2009/10/03 00:00;0.0000068
2009/10/06 00:00;0.0000048
2009/10/09 00:00;0.00000914
2009/10/12 00:00;0.00000726
2009/10/15 00:00;0.00000996
2009/10/18 00:00;0.0000075
2009/10/21 00:00;0.00000973
2009/10/24 00:00;0.00000879
2009/10/27 00:00;0.00000773
2009/10/30 00:00;0.00000715
2009/11/02 00:00;0.00000387
2009/11/05 00:00;0.0000075
2009/11/08 00:00;0.0000082
2009/11/11 00:00;0.00000809
2009/11/14 00:00;0.00000973
2009/11/17 00:00;0.0000107
2009/11/20 00:00;0.00000961
2009/11/23 00:00;0.0000112
2009/11/26 00:00;0.00000914
2009/11/29 00:00;0.0000068
2009/12/02 00:00;0.0000115
2009/12/05 00:00;0.00000609
2009/12/08 00:00;0.0000139
2009/12/11 00:00;0.0000146
2009/12/14 00:00;0.0000127
2009/12/17 00:00;0.0000189
2009/12/20 00:00;0.0000205
2009/12/23 00:00;0.0000198
2009/12/26 00:00;0.0000186
2009/12/29 00:00;0.0000192
2010/01/01 00:00;0.0000165
2010/01/04 00:00;0.0000263
2010/01/07 00:00;0.000022
2010/01/10 00:00;0.0000265
2010/01/13 00:00;0.0000242
2010/01/16 00:00;0.0000205
2010/01/19 00:00;0.0000182
2010/01/22 00:00;0.0000229
2010/01/25 00:00;0.000032
2010/01/28 00:00;0.0000272
2010/01/31 00:00;0.0000324
2010/02/03 00:00;0.0000383
2010/02/06 00:00;0.0000407
2010/02/09 00:00;0.0000445
2010/02/12 00:00;0.0000398
2010/02/15 00:00;0.0000548
2010/02/18 00:00;0.0000678
2010/02/21 00:00;0.0000634
2010/02/24 00:00;0.0000842
2010/02/27 00:00;0.0000766
2010/03/02 00:00;0.0000868
2010/03/05 00:00;0.0000775
2010/03/08 00:00;0.0000722
2010/03/11 00:00;0.0000775
2010/03/14 00:00;0.0000664
2010/03/17 00:00;0.0000653
2010/03/20 00:00;0.000102
2010/03/23 00:00;0.00011
2010/03/26 00:00;0.000104
2010/03/29 00:00;0.000103
2010/04/01 00:00;0.000135
2010/04/04 00:00;0.000118
2010/04/07 00:00;0.000138
2010/04/10 00:00;0.000171
2010/04/13 00:00;0.000151
2010/04/16 00:00;0.000185
2010/04/19 00:00;0.000199
2010/04/22 00:00;0.000238
2010/04/25 00:00;0.000227
2010/04/28 00:00;0.000235
2010/05/01 00:00;0.000219
2010/05/04 00:00;0.000196
2010/05/07 00:00;0.000197
2010/05/10 00:00;0.000206
2010/05/13 00:00;0.000196
2010/05/16 00:00;0.000145
2010/05/19 00:00;0.000244
2010/05/22 00:00;0.000267
2010/05/25 00:00;0.000298
2010/05/28 00:00;0.000304
2010/05/31 00:00;0.000296
2010/06/03 00:00;0.000306
2010/06/06 00:00;0.000294
2010/06/09 00:00;0.000315
2010/06/12 00:00;0.000279
2010/06/15 00:00;0.000399
2010/06/18 00:00;0.000301
2010/06/21 00:00;0.00033
2010/06/24 00:00;0.000414
2010/06/27 00:00;0.000362
2010/06/30 00:00;0.000418
2010/07/03 00:00;0.000455
2010/07/06 00:00;0.000463
2010/07/09 00:00;0.00052
2010/07/12 00:00;0.00141
2010/07/15 00:00;0.00332
2010/07/18 00:00;0.00381
2010/07/21 00:00;0.0043
2010/07/24 00:00;0.00394
2010/07/27 00:00;0.00501
2010/07/30 00:00;0.00521
2010/08/02 00:00;0.00727
2010/08/05 00:00;0.00698
2010/08/08 00:00;0.00792
2010/08/11 00:00;0.00895
2010/08/14 00:00;0.0108
2010/08/17 00:00;0.00786
2010/08/20 00:00;0.01
2010/08/23 00:00;0.013
2010/08/26 00:00;0.0125
2010/08/29 00:00;0.0115
2010/09/01 00:00;0.0129
2010/09/04 00:00;0.0131
2010/09/07 00:00;0.011
2010/09/10 00:00;0.0143
2010/09/13 00:00;0.0137
2010/09/16 00:00;0.0159
2010/09/19 00:00;0.0226
2010/09/22 00:00;0.0186
2010/09/25 00:00;0.0217
2010/09/28 00:00;0.0232
2010/10/01 00:00;0.0241
2010/10/04 00:00;0.0238
2010/10/07 00:00;0.0267
2010/10/10 00:00;0.0266
2010/10/13 00:00;0.0273
2010/10/16 00:00;0.0386
2010/10/19 00:00;0.0392
2010/10/22 00:00;0.0385
2010/10/25 00:00;0.0529
2010/10/28 00:00;0.0541
2010/10/31 00:00;0.0659
2010/11/03 00:00;0.0728
2010/11/06 00:00;0.0732
2010/11/09 00:00;0.128
2010/11/12 00:00;0.0909
2010/11/15 00:00;0.117
2010/11/18 00:00;0.14
2010/11/21 00:00;0.109
2010/11/24 00:00;0.149
2010/11/27 00:00;0.147
2010/11/30 00:00;0.199
2010/12/03 00:00;0.182
2010/12/06 00:00;0.227
2010/12/09 00:00;0.237
2010/12/12 00:00;0.25
2010/12/15 00:00;0.257
2010/12/18 00:00;0.227
2010/12/21 00:00;0.283
2010/12/24 00:00;0.255
2010/12/27 00:00;0.273
2010/12/30 00:00;0.272
2011/01/02 00:00;0.305
2011/01/05 00:00;0.287
2011/01/08 00:00;0.367
2011/01/11 00:00;0.31
2011/01/14 00:00;0.332
2011/01/17 00:00;0.374
2011/01/20 00:00;0.363
2011/01/23 00:00;0.367
2011/01/26 00:00;0.421
2011/01/29 00:00;0.387
2011/02/01 00:00;0.462
2011/02/04 00:00;0.49
2011/02/07 00:00;0.531
2011/02/10 00:00;0.576
2011/02/13 00:00;0.621
2011/02/16 00:00;0.704
2011/02/19 00:00;0.752
2011/02/22 00:00;0.906
2011/02/25 00:00;0.948
2011/02/28 00:00;1.09
2011/03/03 00:00;1.19
2011/03/06 00:00;1.76
2011/03/09 00:00;1.41
2011/03/12 00:00;1.22
2011/03/15 00:00;0.866
2011/03/18 00:00;1.23
2011/03/21 00:00;1.38
2011/03/24 00:00;1.36
2011/03/27 00:00;1.24
2011/03/30 00:00;1.26
2011/04/02 00:00;1.53
2011/04/05 00:00;1.63
2011/04/08 00:00;1.51
2011/04/11 00:00;1.49
2011/04/14 00:00;1.57
2011/04/17 00:00;1.72
2011/04/20 00:00;1.56
2011/04/23 00:00;1.84
2011/04/26 00:00;2.09
2011/04/29 00:00;2.19
2011/05/02 00:00;2.29
2011/05/05 00:00;2.93
2011/05/08 00:00;2.65
2011/05/11 00:00;3.45
2011/05/14 00:00;4.57
2011/05/17 00:00;4.8
2011/05/20 00:00;6.41
2011/05/23 00:00;7.92
2011/05/26 00:00;9.1
2011/05/29 00:00;8.82
2011/06/01 00:00;9.07
2011/06/04 00:00;1,10E+01
2011/06/07 00:00;11.2
2011/06/10 00:00;1,50E+01
2011/06/13 00:00;16.3
2011/06/16 00:00;20.7
2011/06/19 00:00;22.5
2011/06/22 00:00;27.7
2011/06/25 00:00;24.4
2011/06/28 00:00;24.7
2011/07/01 00:00;29.1
2011/07/04 00:00;26.5
2011/07/07 00:00;24.9
2011/07/10 00:00;26.4
2011/07/13 00:00;33.5
2011/07/16 00:00;29.1
2011/07/19 00:00;3,00E+01
2011/07/22 00:00;28.3
2011/07/25 00:00;31.1
2011/07/28 00:00;33.1
2011/07/31 00:00;33.3
2011/08/03 00:00;35.2
2011/08/06 00:00;27.4
2011/08/09 00:00;29.4
2011/08/12 00:00;30.3
2011/08/15 00:00;31.6
2011/08/18 00:00;33.4
2011/08/21 00:00;30.7
2011/08/24 00:00;27.7
2011/08/27 00:00;27.7
2011/08/30 00:00;32.8
2011/09/02 00:00;33.7
2011/09/05 00:00;32.1
2011/09/08 00:00;2,60E+01
2011/09/11 00:00;28.7
2011/09/14 00:00;31.3
2011/09/17 00:00;25.3
2011/09/20 00:00;28.6
2011/09/23 00:00;27.6
2011/09/26 00:00;28.2
2011/09/29 00:00;26.5
2011/10/02 00:00;25.9
2011/10/05 00:00;27.1
2011/10/08 00:00;25.5
2011/10/11 00:00;2,10E+01
2011/10/14 00:00;26.3
2011/10/17 00:00;19.4
2011/10/20 00:00;17.7
2011/10/23 00:00;18.1
2011/10/26 00:00;18.8
2011/10/29 00:00;20.5
2011/11/01 00:00;20.6
2011/11/04 00:00;20.2
2011/11/07 00:00;18.5
2011/11/10 00:00;20.4
2011/11/13 00:00;20.7
2011/11/16 00:00;18.6
2011/11/19 00:00;1,80E+01
2011/11/22 00:00;18.9
2011/11/25 00:00;18.2
2011/11/28 00:00;17.3
2011/12/01 00:00;23.6
2011/12/04 00:00;17.5
2011/12/07 00:00;18.8
2011/12/10 00:00;20.1
2011/12/13 00:00;17.5
2011/12/16 00:00;16.8
2011/12/19 00:00;20.4
2011/12/22 00:00;18.7
2011/12/25 00:00;23.5
2011/12/28 00:00;20.4
2011/12/31 00:00;21.9
2012/01/03 00:00;2,20E+01
2012/01/06 00:00;23.1
2012/01/09 00:00;23.6
2012/01/12 00:00;24.3
2012/01/15 00:00;21.7
2012/01/18 00:00;20.8
2012/01/21 00:00;26.2
2012/01/24 00:00;20.7
2012/01/27 00:00;21.3
2012/01/30 00:00;25.4
2012/02/02 00:00;2,50E+01
2012/02/05 00:00;2,20E+01
2012/02/08 00:00;21.3
2012/02/11 00:00;22.3
2012/02/14 00:00;2,20E+01
2012/02/17 00:00;2,30E+01
2012/02/20 00:00;23.5
2012/02/23 00:00;27.1
2012/02/26 00:00;24.5
2012/02/29 00:00;3,00E+01
2012/03/03 00:00;20.9
2012/03/06 00:00;2,60E+01
2012/03/09 00:00;29.1
2012/03/12 00:00;29.6
2012/03/15 00:00;22.6
2012/03/18 00:00;27.4
2012/03/21 00:00;28.4
2012/03/24 00:00;30.2
2012/03/27 00:00;2,60E+01
2012/03/30 00:00;28.6
2012/04/02 00:00;24.2
2012/04/05 00:00;22.7
2012/04/08 00:00;27.8
2012/04/11 00:00;27.3
2012/04/14 00:00;24.6
2012/04/17 00:00;26.3
2012/04/20 00:00;28.7
2012/04/23 00:00;27.4
2012/04/26 00:00;28.5
2012/04/29 00:00;29.3
2012/05/02 00:00;27.2
2012/05/05 00:00;27.6
2012/05/08 00:00;32.9
2012/05/11 00:00;2,50E+01
2012/05/14 00:00;2,90E+01
2012/05/17 00:00;2,40E+01
2012/05/20 00:00;28.8
2012/05/23 00:00;24.6
2012/05/26 00:00;25.2
2012/05/29 00:00;25.4
2012/06/01 00:00;28.2
2012/06/04 00:00;28.2
2012/06/07 00:00;23.5
2012/06/10 00:00;31.5
2012/06/13 00:00;30.1
2012/06/16 00:00;29.7
2012/06/19 00:00;33.8
2012/06/22 00:00;28.5
2012/06/25 00:00;3,10E+01
2012/06/28 00:00;27.3
2012/07/01 00:00;27.9
2012/07/04 00:00;32.6
2012/07/07 00:00;34.9
2012/07/10 00:00;3,10E+01
2012/07/13 00:00;3,30E+01
2012/07/16 00:00;30.4
2012/07/19 00:00;31.3
2012/07/22 00:00;30.4
2012/07/25 00:00;33.7
2012/07/28 00:00;37.2
2012/07/31 00:00;31.7
2012/08/03 00:00;41.3
2012/08/06 00:00;33.6
2012/08/09 00:00;37.9
2012/08/12 00:00;43.4
2012/08/15 00:00;43.9
2012/08/18 00:00;3,80E+01
2012/08/21 00:00;46.5
2012/08/24 00:00;4,00E+01
2012/08/27 00:00;42.6
2012/08/30 00:00;45.2
2012/09/02 00:00;43.8
2012/09/05 00:00;51.5
2012/09/08 00:00;44.2
2012/09/11 00:00;49.9
2012/09/14 00:00;51.1
2012/09/17 00:00;55.6
2012/09/20 00:00;49.3
2012/09/23 00:00;5,00E+01
2012/09/26 00:00;4,80E+01
2012/09/29 00:00;56.4
2012/10/02 00:00;45.6
2012/10/05 00:00;48.7
2012/10/08 00:00;59.4
2012/10/11 00:00;49.4
2012/10/14 00:00;49.4
2012/10/17 00:00;50.8
2012/10/20 00:00;49.7
2012/10/23 00:00;49.3
2012/10/26 00:00;5,80E+01
2012/10/29 00:00;56.9
2012/11/01 00:00;52.3
2012/11/04 00:00;61.9
2012/11/07 00:00;60.8
2012/11/10 00:00;61.9
2012/11/13 00:00;53.7
2012/11/16 00:00;55.7
2012/11/19 00:00;48.6
2012/11/22 00:00;5,80E+01
2012/11/25 00:00;55.7
2012/11/28 00:00;68.1
2012/12/01 00:00;64.5
2012/12/04 00:00;44.7
2012/12/07 00:00;5,00E+01
2012/12/10 00:00;57.2
2012/12/13 00:00;53.7
2012/12/16 00:00;45.4
2012/12/19 00:00;56.5
2012/12/22 00:00;56.9
2012/12/25 00:00;48.6
2012/12/28 00:00;61.4
2012/12/31 00:00;58.7
2013/01/03 00:00;55.9
2013/01/06 00:00;49.6
2013/01/09 00:00;5,10E+01
2013/01/12 00:00;45.3
2013/01/15 00:00;48.4
2013/01/18 00:00;47.6
2013/01/21 00:00;55.6
2013/01/24 00:00;56.4
2013/01/27 00:00;52.9
2013/01/30 00:00;50.4
2013/02/02 00:00;5,60E+01
2013/02/05 00:00;6,60E+01
2013/02/08 00:00;58.3
2013/02/11 00:00;6,10E+01
2013/02/14 00:00;62.9
2013/02/17 00:00;71.4
2013/02/20 00:00;7,40E+01
2013/02/23 00:00;69.3
2013/02/26 00:00;66.3
2013/03/01 00:00;80.9
2013/03/04 00:00;89.6
2013/03/07 00:00;77.8
2013/03/10 00:00;94.7
2013/03/13 00:00;78.8
2013/03/16 00:00;1,00E+02
2013/03/19 00:00;1,12E+02
2013/03/22 00:00;1,28E+02
2013/03/25 00:00;1,07E+02
2013/03/28 00:00;1,40E+02
2013/03/31 00:00;1,23E+02
2013/04/03 00:00;1,40E+02
2013/04/06 00:00;1,51E+02
2013/04/09 00:00;1,51E+02
2013/04/12 00:00;1,56E+02
2013/04/15 00:00;1,44E+02
2013/04/18 00:00;1,71E+02
2013/04/21 00:00;1,83E+02
2013/04/24 00:00;1,84E+02
2013/04/27 00:00;1,67E+02
2013/04/30 00:00;1,76E+02
2013/05/03 00:00;1,74E+02
2013/05/06 00:00;1,92E+02
2013/05/09 00:00;1,96E+02
2013/05/12 00:00;2,10E+02
2013/05/15 00:00;1,93E+02
2013/05/18 00:00;1,93E+02
2013/05/21 00:00;1,95E+02
2013/05/24 00:00;2,12E+02
2013/05/27 00:00;2,45E+02
2013/05/30 00:00;2,41E+02
2013/06/02 00:00;2,91E+02
2013/06/05 00:00;3,69E+02
2013/06/08 00:00;3,07E+02
2013/06/11 00:00;3,22E+02
2013/06/14 00:00;3,15E+02
2013/06/17 00:00;3,49E+02
2013/06/20 00:00;3,31E+02
2013/06/23 00:00;3,99E+02
2013/06/26 00:00;4,28E+02
2013/06/29 00:00;4,02E+02
2013/07/02 00:00;3,92E+02
2013/07/05 00:00;4,42E+02
2013/07/08 00:00;4,65E+02
2013/07/11 00:00;5,89E+02
2013/07/14 00:00;5,00E+02
2013/07/17 00:00;5,18E+02
2013/07/20 00:00;5,73E+02
2013/07/23 00:00;5,31E+02
2013/07/26 00:00;6,52E+02
2013/07/29 00:00;6,08E+02
2013/08/01 00:00;6,78E+02
2013/08/04 00:00;7,49E+02
2013/08/07 00:00;7,71E+02
2013/08/10 00:00;8,72E+02
2013/08/13 00:00;1,14E+03
2013/08/16 00:00;1,02E+03
2013/08/19 00:00;1,06E+03
2013/08/22 00:00;1,24E+03
2013/08/25 00:00;1,10E+03
2013/08/28 00:00;1,29E+03
2013/08/31 00:00;1,66E+03
2013/09/03 00:00;1,43E+03
2013/09/06 00:00;1,94E+03
2013/09/09 00:00;1,97E+03
2013/09/12 00:00;2,12E+03
2013/09/15 00:00;2,42E+03
2013/09/18 00:00;1,99E+03
2013/09/21 00:00;2,47E+03
2013/09/24 00:00;2,65E+03
2013/09/27 00:00;3,07E+03
2013/09/30 00:00;2,86E+03
2013/10/03 00:00;3,63E+03
2013/10/06 00:00;4,48E+03
2013/10/09 00:00;4,06E+03
2013/10/12 00:00;4,37E+03
2013/10/15 00:00;5,50E+03
2013/10/18 00:00;5,43E+03
2013/10/21 00:00;6,31E+03
2013/10/24 00:00;6,56E+03
2013/10/27 00:00;8,11E+03
2013/10/30 00:00;8,98E+03
2013/11/02 00:00;9,94E+03
2013/11/05 00:00;7,79E+03
2013/11/08 00:00;7,96E+03
2013/11/11 00:00;1,17E+04
2013/11/14 00:00;1,01E+04
2013/11/17 00:00;1,38E+04
2013/11/20 00:00;1,16E+04
2013/11/23 00:00;1,16E+04
2013/11/26 00:00;1,17E+04
2013/11/29 00:00;1,53E+04
2013/12/02 00:00;1,35E+04
2013/12/05 00:00;1,42E+04
2013/12/08 00:00;1,48E+04
2013/12/11 00:00;1,68E+04
2013/12/14 00:00;2,13E+04
2013/12/17 00:00;2,10E+04
2013/12/20 00:00;2,15E+04
2013/12/23 00:00;2,20E+04
2013/12/26 00:00;2,48E+04
2013/12/29 00:00;2,08E+04
2014/01/01 00:00;2,77E+04
2014/01/04 00:00;2,46E+04
2014/01/07 00:00;3,11E+04
2014/01/10 00:00;3,36E+04
2014/01/13 00:00;4,26E+04
2014/01/16 00:00;4,19E+04
2014/01/19 00:00;3,86E+04
2014/01/22 00:00;3,98E+04
2014/01/25 00:00;3,98E+04
2014/01/28 00:00;4,27E+04
2014/01/31 00:00;4,73E+04
2014/02/03 00:00;4,99E+04
2014/02/06 00:00;5,13E+04
2014/02/09 00:00;4,64E+04
2014/02/12 00:00;5,13E+04
2014/02/15 00:00;5,53E+04
2014/02/18 00:00;6,12E+04
2014/02/21 00:00;6,16E+04
2014/02/24 00:00;6,67E+04
2014/02/27 00:00;6,67E+04
2014/03/02 00:00;6,66E+04
2014/03/05 00:00;7,20E+04
2014/03/08 00:00;7,82E+04
2014/03/11 00:00;7,51E+04
2014/03/14 00:00;6,92E+04
2014/03/17 00:00;8,86E+04
2014/03/20 00:00;8,32E+04
2014/03/23 00:00;1,02E+05
2014/03/26 00:00;9,27E+04
2014/03/29 00:00;1,00E+05
2014/04/01 00:00;1,05E+05
2014/04/04 00:00;1,18E+05
2014/04/07 00:00;1,05E+05
2014/04/10 00:00;1,25E+05
2014/04/13 00:00;1,43E+05
2014/04/16 00:00;1,07E+05
2014/04/19 00:00;1,33E+05
2014/04/22 00:00;1,26E+05
2014/04/25 00:00;1,34E+05
2014/04/28 00:00;1,36E+05
2014/05/01 00:00;1,57E+05
2014/05/04 00:00;1,42E+05
2014/05/07 00:00;1,53E+05
2014/05/10 00:00;1,66E+05
2014/05/13 00:00;1,76E+05
2014/05/16 00:00;1,89E+05
2014/05/19 00:00;1,84E+05
2014/05/22 00:00;1,73E+05
2014/05/25 00:00;1,85E+05
2014/05/28 00:00;2,17E+05
2014/05/31 00:00;1,86E+05
2014/06/03 00:00;2,30E+05
2014/06/06 00:00;2,04E+05
2014/06/09 00:00;1,87E+05
2014/06/12 00:00;2,14E+05
2014/06/15 00:00;2,56E+05
2014/06/18 00:00;2,68E+05
2014/06/21 00:00;2,98E+05
2014/06/24 00:00;3,12E+05
2014/06/27 00:00;2,95E+05
2014/06/30 00:00;2,46E+05
2014/07/03 00:00;2,62E+05
2014/07/06 00:00;2,94E+05
2014/07/09 00:00;3,13E+05
2014/07/12 00:00;3,25E+05
2014/07/15 00:00;2,80E+05
2014/07/18 00:00;3,23E+05
2014/07/21 00:00;3,03E+05
2014/07/24 00:00;3,03E+05
2014/07/27 00:00;3,53E+05
2014/07/30 00:00;3,84E+05
2014/08/02 00:00;3,71E+05
2014/08/05 00:00;2,90E+05
2014/08/08 00:00;3,72E+05
2014/08/11 00:00;4,21E+05
2014/08/14 00:00;3,93E+05
2014/08/17 00:00;3,81E+05
2014/08/20 00:00;4,41E+05
2014/08/23 00:00;4,39E+05
2014/08/26 00:00;4,64E+05
2014/08/29 00:00;4,64E+05
2014/09/01 00:00;4,82E+05
2014/09/04 00:00;5,37E+05
2014/09/07 00:00;5,27E+05
2014/09/10 00:00;5,01E+05
2014/09/13 00:00;5,69E+05
2014/09/16 00:00;5,91E+05
2014/09/19 00:00;5,66E+05
2014/09/22 00:00;5,49E+05
2014/09/25 00:00;5,70E+05
2014/09/28 00:00;5,65E+05
2014/10/01 00:00;5,89E+05
2014/10/04 00:00;5,81E+05
2014/10/07 00:00;6,13E+05
2014/10/10 00:00;6,52E+05
2014/10/13 00:00;6,28E+05
2014/10/16 00:00;6,15E+05
2014/10/19 00:00;5,50E+05
2014/10/22 00:00;7,01E+05
2014/10/25 00:00;6,41E+05
2014/10/28 00:00;6,32E+05
2014/10/31 00:00;7,93E+05
2014/11/03 00:00;6,54E+05
2014/11/06 00:00;6,73E+05
2014/11/09 00:00;6,45E+05
2014/11/12 00:00;6,26E+05
2014/11/15 00:00;6,96E+05
2014/11/18 00:00;6,96E+05
2014/11/21 00:00;5,86E+05
2014/11/24 00:00;7,32E+05
2014/11/27 00:00;6,19E+05
2014/11/30 00:00;7,37E+05
2014/12/03 00:00;5,71E+05
2014/12/06 00:00;6,80E+05
2014/12/09 00:00;6,52E+05
2014/12/12 00:00;6,66E+05
2014/12/15 00:00;7,17E+05
2014/12/18 00:00;6,43E+05
2014/12/21 00:00;6,70E+05
2014/12/24 00:00;6,98E+05
2014/12/27 00:00;7,40E+05
2014/12/30 00:00;6,75E+05
2015/01/02 00:00;7,62E+05
2015/01/05 00:00;8,00E+05
2015/01/08 00:00;6,43E+05
2015/01/11 00:00;7,00E+05
2015/01/14 00:00;7,78E+05
2015/01/17 00:00;7,06E+05
2015/01/20 00:00;6,18E+05
2015/01/23 00:00;6,39E+05
2015/01/26 00:00;6,54E+05
2015/01/29 00:00;8,22E+05
2015/02/01 00:00;8,22E+05
2015/02/04 00:00;7,79E+05
2015/02/07 00:00;8,32E+05
2015/02/10 00:00;7,81E+05
2015/02/13 00:00;7,29E+05
2015/02/16 00:00;8,23E+05
2015/02/19 00:00;8,54E+05
2015/02/22 00:00;7,87E+05
2015/02/25 00:00;8,53E+05
2015/02/28 00:00;7,38E+05
2015/03/03 00:00;8,42E+05
2015/03/06 00:00;8,64E+05
2015/03/09 00:00;7,34E+05
2015/03/12 00:00;7,39E+05
2015/03/15 00:00;8,17E+05
2015/03/18 00:00;7,84E+05
2015/03/21 00:00;7,95E+05
2015/03/24 00:00;9,14E+05
2015/03/27 00:00;9,42E+05
2015/03/30 00:00;7,77E+05
2015/04/02 00:00;8,05E+05
2015/04/05 00:00;8,75E+05
2015/04/08 00:00;6,89E+05
2015/04/11 00:00;7,94E+05
2015/04/14 00:00;9,15E+05
2015/04/17 00:00;7,76E+05
2015/04/20 00:00;9,62E+05
2015/04/23 00:00;7,70E+05
2015/04/26 00:00;8,31E+05
2015/04/29 00:00;7,20E+05
2015/05/02 00:00;8,20E+05
2015/05/05 00:00;8,60E+05
2015/05/08 00:00;8,26E+05
2015/05/11 00:00;8,32E+05
2015/05/14 00:00;7,82E+05
2015/05/17 00:00;9,89E+05
2015/05/20 00:00;8,12E+05
2015/05/23 00:00;6,86E+05
2015/05/26 00:00;7,72E+05
2015/05/29 00:00;8,98E+05
2015/06/01 00:00;7,84E+05
2015/06/04 00:00;7,92E+05
2015/06/07 00:00;9,31E+05
2015/06/10 00:00;8,81E+05
2015/06/13 00:00;8,81E+05
2015/06/16 00:00;7,16E+05
2015/06/19 00:00;9,37E+05
2015/06/22 00:00;8,62E+05
2015/06/25 00:00;9,32E+05
2015/06/28 00:00;8,56E+05
2015/07/01 00:00;8,39E+05
2015/07/04 00:00;8,97E+05
2015/07/07 00:00;8,57E+05
2015/07/10 00:00;9,03E+05
2015/07/13 00:00;8,68E+05
2015/07/16 00:00;8,14E+05
2015/07/19 00:00;8,56E+05
2015/07/22 00:00;8,80E+05
2015/07/25 00:00;9,37E+05
2015/07/28 00:00;8,70E+05
2015/07/31 00:00;8,51E+05
2015/08/03 00:00;9,00E+05
2015/08/06 00:00;8,58E+05
2015/08/09 00:00;8,34E+05
2015/08/12 00:00;7,60E+05
2015/08/15 00:00;8,27E+05
2015/08/18 00:00;8,95E+05
2015/08/21 00:00;9,51E+05
2015/08/24 00:00;9,98E+05
2015/08/27 00:00;9,47E+05
2015/08/30 00:00;9,15E+05
2015/09/02 00:00;9,79E+05
2015/09/05 00:00;1,01E+06
2015/09/08 00:00;9,28E+05
2015/09/11 00:00;1,15E+06
2015/09/14 00:00;1,06E+06
2015/09/17 00:00;9,41E+05
2015/09/20 00:00;8,34E+05
2015/09/23 00:00;1,04E+06
2015/09/26 00:00;1,06E+06
2015/09/29 00:00;1,20E+06
2015/10/02 00:00;8,91E+05
2015/10/05 00:00;1,05E+06
2015/10/08 00:00;9,76E+05
2015/10/11 00:00;1,07E+06
2015/10/14 00:00;1,08E+06
2015/10/17 00:00;9,35E+05
2015/10/20 00:00;9,06E+05
2015/10/23 00:00;1,10E+06
2015/10/26 00:00;1,08E+06
2015/10/29 00:00;1,08E+06
2015/11/01 00:00;1,16E+06
2015/11/04 00:00;1,13E+06
2015/11/07 00:00;1,19E+06
2015/11/10 00:00;1,04E+06
2015/11/13 00:00;1,29E+06
2015/11/16 00:00;1,36E+06
2015/11/19 00:00;1,08E+06
2015/11/22 00:00;1,34E+06
2015/11/25 00:00;1,31E+06
2015/11/28 00:00;1,24E+06
2015/12/01 00:00;1,64E+06
2015/12/04 00:00;1,24E+06
2015/12/07 00:00;1,40E+06
2015/12/10 00:00;1,82E+06
2015/12/13 00:00;1,38E+06
2015/12/16 00:00;1,56E+06
2015/12/19 00:00;1,70E+06
2015/12/22 00:00;1,54E+06
2015/12/25 00:00;1,47E+06
2015/12/28 00:00;1,76E+06
2015/12/31 00:00;1,75E+06
2016/01/03 00:00;1,81E+06
2016/01/06 00:00;1,66E+06
2016/01/09 00:00;1,94E+06
2016/01/12 00:00;2,14E+06
2016/01/15 00:00;1,63E+06
2016/01/18 00:00;2,32E+06
2016/01/21 00:00;1,78E+06
2016/01/24 00:00;2,20E+06
2016/01/27 00:00;2,17E+06
2016/01/30 00:00;2,49E+06
2016/02/02 00:00;2,31E+06
2016/02/05 00:00;2,53E+06
2016/02/08 00:00;2,72E+06
2016/02/11 00:00;3,24E+06
2016/02/14 00:00;3,04E+06
2016/02/17 00:00;2,36E+06
2016/02/20 00:00;3,03E+06
2016/02/23 00:00;2,59E+06
2016/02/26 00:00;2,87E+06
2016/02/29 00:00;2,59E+06
2016/03/03 00:00;2,55E+06
2016/03/06 00:00;2,58E+06
2016/03/09 00:00;3,06E+06
2016/03/12 00:00;2,69E+06
2016/03/15 00:00;2,82E+06
2016/03/18 00:00;2,68E+06
2016/03/21 00:00;2,44E+06
2016/03/24 00:00;2,93E+06
2016/03/27 00:00;2,97E+06
2016/03/30 00:00;3,08E+06
2016/04/02 00:00;2,93E+06
2016/04/05 00:00;2,91E+06
2016/04/08 00:00;2,76E+06
2016/04/11 00:00;2,95E+06
2016/04/14 00:00;3,45E+06
2016/04/17 00:00;3,20E+06
2016/04/20 00:00;3,45E+06
2016/04/23 00:00;3,01E+06
2016/04/26 00:00;3,16E+06
2016/04/29 00:00;3,31E+06
2016/05/02 00:00;3,29E+06
2016/05/05 00:00;3,27E+06
2016/05/08 00:00;3,41E+06
2016/05/11 00:00;3,03E+06
2016/05/14 00:00;3,28E+06
2016/05/17 00:00;3,21E+06
2016/05/20 00:00;3,39E+06
2016/05/23 00:00;4,12E+06
2016/05/26 00:00;3,20E+06
2016/05/29 00:00;3,43E+06
2016/06/01 00:00;3,36E+06
2016/06/04 00:00;2,78E+06
2016/06/07 00:00;3,32E+06
2016/06/10 00:00;3,31E+06
2016/06/13 00:00;3,70E+06
2016/06/16 00:00;3,42E+06
2016/06/19 00:00;4,07E+06
2016/06/22 00:00;3,17E+06
2016/06/25 00:00;4,07E+06
2016/06/28 00:00;3,66E+06
2016/07/01 00:00;3,85E+06
2016/07/04 00:00;3,78E+06
2016/07/07 00:00;3,45E+06
2016/07/10 00:00;3,90E+06
2016/07/13 00:00;3,25E+06
2016/07/16 00:00;3,93E+06
2016/07/19 00:00;3,20E+06
2016/07/22 00:00;3,23E+06
2016/07/25 00:00;3,30E+06
2016/07/28 00:00;3,43E+06
2016/07/31 00:00;3,85E+06
2016/08/03 00:00;3,97E+06
2016/08/06 00:00;3,95E+06
2016/08/09 00:00;2,96E+06
2016/08/12 00:00;3,52E+06
2016/08/15 00:00;3,72E+06
2016/08/18 00:00;3,92E+06
2016/08/21 00:00;4,15E+06
2016/08/24 00:00;3,90E+06
2016/08/27 00:00;3,67E+06
2016/08/30 00:00;4,27E+06
2016/09/02 00:00;3,96E+06
2016/09/05 00:00;3,62E+06
2016/09/08 00:00;3,72E+06
2016/09/11 00:00;4,24E+06
2016/09/14 00:00;4,13E+06
2016/09/17 00:00;4,31E+06
2016/09/20 00:00;4,05E+06
2016/09/23 00:00;3,60E+06
2016/09/26 00:00;4,32E+06
2016/09/29 00:00;4,04E+06
2016/10/02 00:00;3,99E+06
2016/10/05 00:00;4,72E+06
2016/10/08 00:00;5,12E+06
2016/10/11 00:00;4,21E+06
2016/10/14 00:00;4,12E+06
2016/10/17 00:00;3,79E+06
2016/10/20 00:00;4,06E+06
2016/10/23 00:00;4,28E+06
2016/10/26 00:00;4,13E+06
2016/10/29 00:00;4,43E+06
2016/11/01 00:00;4,28E+06
2016/11/04 00:00;3,45E+06
2016/11/07 00:00;4,36E+06
2016/11/10 00:00;5,01E+06
2016/11/13 00:00;4,27E+06
2016/11/16 00:00;5,13E+06
2016/11/19 00:00;4,69E+06
2016/11/22 00:00;4,42E+06
2016/11/25 00:00;5,02E+06
2016/11/28 00:00;5,42E+06
2016/12/01 00:00;4,82E+06
2016/12/04 00:00;4,97E+06
2016/12/07 00:00;5,88E+06
2016/12/10 00:00;4,44E+06
2016/12/13 00:00;5,98E+06
2016/12/16 00:00;4,83E+06
2016/12/19 00:00;5,52E+06
2016/12/22 00:00;5,78E+06
2016/12/25 00:00;6,07E+06
2016/12/28 00:00;6,10E+06
2016/12/31 00:00;5,51E+06
2017/01/03 00:00;6,10E+06
2017/01/06 00:00;5,99E+06
2017/01/09 00:00;5,06E+06
2017/01/12 00:00;6,83E+06
2017/01/15 00:00;6,59E+06
2017/01/18 00:00;5,96E+06
2017/01/21 00:00;7,15E+06
2017/01/24 00:00;6,86E+06
2017/01/27 00:00;7,83E+06
2017/01/30 00:00;6,72E+06
2017/02/02 00:00;7,23E+06
2017/02/05 00:00;7,87E+06
2017/02/08 00:00;7,22E+06
2017/02/11 00:00;6,88E+06
2017/02/14 00:00;8,36E+06
2017/02/17 00:00;7,47E+06
2017/02/20 00:00;7,64E+06
2017/02/23 00:00;7,75E+06
2017/02/26 00:00;9,19E+06
2017/03/01 00:00;7,44E+06
2017/03/04 00:00;7,23E+06
2017/03/07 00:00;8,26E+06
2017/03/10 00:00;8,42E+06
2017/03/13 00:00;7,83E+06
2017/03/16 00:00;8,26E+06
2017/03/19 00:00;9,25E+06
2017/03/22 00:00;8,97E+06
2017/03/25 00:00;7,41E+06
2017/03/28 00:00;8,64E+06
2017/03/31 00:00;7,90E+06
2017/04/03 00:00;1,03E+07
2017/04/06 00:00;8,61E+06
2017/04/09 00:00;9,31E+06
2017/04/12 00:00;8,31E+06
2017/04/15 00:00;9,21E+06
2017/04/18 00:00;8,91E+06
2017/04/21 00:00;1,02E+07
2017/04/24 00:00;7,57E+06
2017/04/27 00:00;8,99E+06
2017/04/30 00:00;9,24E+06
2017/05/03 00:00;8,07E+06
2017/05/06 00:00;1,03E+07
2017/05/09 00:00;9,48E+06
2017/05/12 00:00;1,01E+07
2017/05/15 00:00;1,12E+07
2017/05/18 00:00;9,32E+06
2017/05/21 00:00;9,65E+06
2017/05/24 00:00;1,08E+07
2017/05/27 00:00;1,17E+07
2017/05/30 00:00;1,25E+07
2017/06/02 00:00;1,02E+07
2017/06/05 00:00;1,30E+07
2017/06/08 00:00;1,31E+07
2017/06/11 00:00;1,16E+07
2017/06/14 00:00;1,11E+07
2017/06/17 00:00;1,21E+07
2017/06/20 00:00;1,15E+07
2017/06/23 00:00;1,33E+07
2017/06/26 00:00;1,18E+07
2017/06/29 00:00;1,00E+07
2017/07/02 00:00;1,56E+07
2017/07/05 00:00;1,24E+07
2017/07/08 00:00;1,37E+07
2017/07/11 00:00;1,44E+07
2017/07/14 00:00;1,31E+07
2017/07/17 00:00;1,40E+07
2017/07/20 00:00;1,53E+07
2017/07/23 00:00;1,62E+07
2017/07/26 00:00;1,39E+07
2017/07/29 00:00;1,58E+07
2017/08/01 00:00;1,50E+07
2017/08/04 00:00;1,80E+07
2017/08/07 00:00;1,54E+07
2017/08/10 00:00;1,45E+07
2017/08/13 00:00;1,60E+07
2017/08/16 00:00;1,41E+07
2017/08/19 00:00;1,63E+07
2017/08/22 00:00;9,63E+06
2017/08/25 00:00;1,05E+07
2017/08/28 00:00;1,34E+07
2017/08/31 00:00;1,70E+07
2017/09/03 00:00;1,60E+07
2017/09/06 00:00;1,75E+07
2017/09/09 00:00;1,83E+07
2017/09/12 00:00;2,03E+07
2017/09/15 00:00;1,95E+07
2017/09/18 00:00;1,64E+07
2017/09/21 00:00;2,28E+07
2017/09/24 00:00;1,87E+07
2017/09/27 00:00;1,90E+07
2017/09/30 00:00;1,78E+07
2017/10/03 00:00;2,41E+07
2017/10/06 00:00;2,09E+07
2017/10/09 00:00;2,12E+07
2017/10/12 00:00;2,01E+07
2017/10/15 00:00;2,73E+07
2017/10/18 00:00;2,12E+07
2017/10/21 00:00;2,15E+07
2017/10/24 00:00;2,34E+07
2017/10/27 00:00;1,77E+07
2017/10/30 00:00;2,50E+07
2017/11/02 00:00;2,55E+07
2017/11/05 00:00;2,40E+07
2017/11/08 00:00;2,45E+07
2017/11/11 00:00;1,28E+07
2017/11/14 00:00;2,05E+07
2017/11/17 00:00;2,67E+07
2017/11/20 00:00;2,80E+07
2017/11/23 00:00;2,51E+07
2017/11/26 00:00;2,41E+07
2017/11/29 00:00;2,73E+07
2017/12/02 00:00;2,54E+07
2017/12/05 00:00;2,81E+07
2017/12/08 00:00;2,91E+07
2017/12/11 00:00;3,19E+07
2017/12/14 00:00;3,45E+07
2017/12/17 00:00;3,45E+07
2017/12/20 00:00;2,98E+07
2017/12/23 00:00;3,05E+07
2017/12/26 00:00;3,12E+07
2017/12/29 00:00;3,62E+07
2018/01/01 00:00;3,53E+07
2018/01/04 00:00;3,80E+07
2018/01/07 00:00;3,67E+07
2018/01/10 00:00;3,76E+07
2018/01/13 00:00;3,89E+07
2018/01/16 00:00;4,15E+07
2018/01/19 00:00;4,31E+07
2018/01/22 00:00;4,36E+07
2018/01/25 00:00;4,82E+07
2018/01/28 00:00;4,82E+07
2018/01/31 00:00;3,57E+07
2018/02/03 00:00;4,82E+07
2018/02/06 00:00;5,73E+07
2018/02/09 00:00;4,55E+07
2018/02/12 00:00;5,59E+07
2018/02/15 00:00;4,41E+07
2018/02/18 00:00;5,46E+07
2018/02/21 00:00;5,96E+07
2018/02/24 00:00;5,11E+07
2018/02/27 00:00;5,64E+07
2018/03/02 00:00;5,50E+07
2018/03/05 00:00;5,75E+07
2018/03/08 00:00;6,25E+07
2018/03/11 00:00;5,90E+07
2018/03/14 00:00;5,55E+07
2018/03/17 00:00;5,75E+07
2018/03/20 00:00;5,15E+07
2018/03/23 00:00;5,40E+07
2018/03/26 00:00;6,09E+07
2018/03/29 00:00;6,17E+07
2018/04/01 00:00;6,66E+07
2018/04/04 00:00;6,05E+07
2018/04/07 00:00;7,41E+07
2018/04/10 00:00;6,75E+07
2018/04/13 00:00;6,79E+07
2018/04/16 00:00;6,34E+07
2018/04/19 00:00;8,01E+07
2018/04/22 00:00;7,20E+07
2018/04/25 00:00;5,53E+07
2018/04/28 00:00;6,03E+07
2018/05/01 00:00;7,45E+07
2018/05/04 00:00;6,50E+07
2018/05/07 00:00;7,07E+07
2018/05/10 00:00;7,26E+07
2018/05/13 00:00;7,19E+07
2018/05/16 00:00;8,69E+07
2018/05/19 00:00;7,48E+07
2018/05/22 00:00;7,33E+07
2018/05/25 00:00;8,88E+07
2018/05/28 00:00;7,87E+07
2018/05/31 00:00;8,58E+07
2018/06/03 00:00;8,23E+07
2018/06/06 00:00;8,51E+07
2018/06/09 00:00;8,28E+07
2018/06/12 00:00;8,39E+07
2018/06/15 00:00;8,86E+07
2018/06/18 00:00;9,49E+07
2018/06/21 00:00;1,01E+08
2018/06/24 00:00;1,02E+08
2018/06/27 00:00;7,20E+07
2018/06/30 00:00;8,39E+07
2018/07/03 00:00;7,29E+07
2018/07/06 00:00;1,01E+08
2018/07/09 00:00;8,55E+07
2018/07/12 00:00;8,86E+07
2018/07/15 00:00;8,36E+07
2018/07/18 00:00;1,06E+08
2018/07/21 00:00;8,31E+07
2018/07/24 00:00;9,65E+07
2018/07/27 00:00;1,01E+08
2018/07/30 00:00;9,34E+07
2018/08/02 00:00;1,07E+08
2018/08/05 00:00;1,12E+08
2018/08/08 00:00;1,09E+08
2018/08/11 00:00;1,27E+08
2018/08/14 00:00;1,02E+08
2018/08/17 00:00;1,14E+08
2018/08/20 00:00;1,12E+08
2018/08/23 00:00;1,12E+08
2018/08/26 00:00;1,36E+08
2018/08/29 00:00;1,10E+08
2018/09/01 00:00;1,19E+08
2018/09/04 00:00;9,93E+07
2018/09/07 00:00;1,25E+08
2018/09/10 00:00;1,11E+08
2018/09/13 00:00;1,22E+08
2018/09/16 00:00;1,14E+08
2018/09/19 00:00;1,28E+08
2018/09/22 00:00;1,30E+08
2018/09/25 00:00;1,42E+08
2018/09/28 00:00;1,29E+08
2018/10/01 00:00;1,32E+08
2018/10/04 00:00;1,31E+08
2018/10/07 00:00;1,24E+08
2018/10/10 00:00;1,26E+08
2018/10/13 00:00;1,23E+08
2018/10/16 00:00;1,18E+08
2018/10/19 00:00;1,20E+08
2018/10/22 00:00;1,30E+08
2018/10/25 00:00;1,15E+08
2018/10/28 00:00;1,18E+08
2018/10/31 00:00;1,37E+08
2018/11/03 00:00;1,36E+08
2018/11/06 00:00;1,08E+08
2018/11/09 00:00;1,07E+08
2018/11/12 00:00;1,18E+08
2018/11/15 00:00;1,07E+08
2018/11/18 00:00;9,59E+07
2018/11/21 00:00;8,19E+07
2018/11/24 00:00;1,11E+08
2018/11/27 00:00;1,02E+08
2018/11/30 00:00;7,87E+07
2018/12/03 00:00;7,54E+07
2018/12/06 00:00;8,93E+07
2018/12/09 00:00;8,47E+07
2018/12/12 00:00;7,94E+07
2018/12/15 00:00;9,86E+07
2018/12/18 00:00;7,66E+07
2018/12/21 00:00;8,38E+07
2018/12/24 00:00;9,09E+07
2018/12/27 00:00;1,04E+08
2018/12/30 00:00;1,05E+08
2019/01/02 00:00;9,94E+07
2019/01/05 00:00;1,07E+08
2019/01/08 00:00;1,11E+08
2019/01/11 00:00;9,74E+07
2019/01/14 00:00;1,03E+08
2019/01/17 00:00;8,76E+07
2019/01/20 00:00;1,08E+08
2019/01/23 00:00;1,01E+08
2019/01/26 00:00;1,03E+08
2019/01/29 00:00;9,95E+07
2019/02/01 00:00;1,08E+08
2019/02/04 00:00;1,00E+08
2019/02/07 00:00;1,19E+08
2019/02/10 00:00;9,94E+07
2019/02/13 00:00;1,09E+08
2019/02/16 00:00;1,07E+08
2019/02/19 00:00;1,11E+08
2019/02/22 00:00;1,15E+08
2019/02/25 00:00;1,02E+08
2019/02/28 00:00;1,07E+08
2019/03/03 00:00;1,04E+08
2019/03/06 00:00;9,11E+07
2019/03/09 00:00;9,82E+07
2019/03/12 00:00;1,02E+08
2019/03/15 00:00;1,09E+08
2019/03/18 00:00;1,14E+08
2019/03/21 00:00;1,02E+08
2019/03/24 00:00;1,12E+08
2019/03/27 00:00;1,11E+08
2019/03/30 00:00;1,04E+08
2019/04/02 00:00;1,17E+08
2019/04/05 00:00;1,18E+08
2019/04/08 00:00;1,11E+08
2019/04/11 00:00;1,18E+08
2019/04/14 00:00;9,14E+07
2019/04/17 00:00;1,03E+08
2019/04/20 00:00;9,81E+07
2019/04/23 00:00;8,64E+07
2019/04/26 00:00;1,12E+08
2019/04/29 00:00;1,21E+08
2019/05/02 00:00;1,37E+08
2019/05/05 00:00;1,01E+08
2019/05/08 00:00;1,19E+08
2019/05/11 00:00;1,02E+08
2019/05/14 00:00;1,19E+08
2019/05/17 00:00;1,19E+08
2019/05/20 00:00;1,26E+08
2019/05/23 00:00;1,24E+08
2019/05/26 00:00;1,30E+08
2019/05/29 00:00;1,37E+08
2019/06/01 00:00;1,32E+08
2019/06/04 00:00;1,35E+08
2019/06/07 00:00;1,38E+08
2019/06/10 00:00;1,37E+08
2019/06/13 00:00;1,32E+08
2019/06/16 00:00;1,13E+08
2019/06/19 00:00;1,54E+08
2019/06/22 00:00;1,22E+08
2019/06/25 00:00;1,27E+08
2019/06/28 00:00;1,52E+08
2019/07/01 00:00;1,33E+08
2019/07/04 00:00;1,55E+08
2019/07/07 00:00;1,42E+08
2019/07/10 00:00;1,37E+08
2019/07/13 00:00;1,50E+08
2019/07/16 00:00;1,72E+08
2019/07/19 00:00;1,25E+08
2019/07/22 00:00;1,68E+08
2019/07/25 00:00;1,58E+08
2019/07/28 00:00;1,85E+08
2019/07/31 00:00;1,81E+08
2019/08/03 00:00;1,83E+08
2019/08/06 00:00;1,88E+08
2019/08/09 00:00;1,72E+08
2019/08/12 00:00;1,56E+08
2019/08/15 00:00;1,84E+08
2019/08/18 00:00;1,50E+08
2019/08/21 00:00;1,62E+08
2019/08/24 00:00;1,91E+08
2019/08/27 00:00;1,61E+08
2019/08/30 00:00;1,91E+08
2019/09/02 00:00;1,88E+08
2019/09/05 00:00;2,08E+08
2019/09/08 00:00;2,23E+08
2019/09/11 00:00;2,32E+08
2019/09/14 00:00;2,16E+08
2019/09/17 00:00;2,06E+08
2019/09/20 00:00;2,10E+08
2019/09/23 00:00;1,59E+08
2019/09/26 00:00;2,56E+08
2019/09/29 00:00;2,03E+08
2019/10/02 00:00;2,21E+08
2019/10/05 00:00;2,36E+08
2019/10/08 00:00;2,42E+08
2019/10/11 00:00;2,38E+08
2019/10/14 00:00;2,06E+08
2019/10/17 00:00;2,29E+08
2019/10/20 00:00;2,23E+08
2019/10/23 00:00;2,70E+08
2019/10/26 00:00;2,25E+08
2019/10/29 00:00;2,13E+08
2019/11/01 00:00;2,09E+08
2019/11/04 00:00;2,12E+08
2019/11/07 00:00;2,01E+08
2019/11/10 00:00;2,47E+08
2019/11/13 00:00;2,01E+08
2019/11/16 00:00;2,21E+08
2019/11/19 00:00;2,19E+08
2019/11/22 00:00;2,01E+08
2019/11/25 00:00;1,90E+08
2019/11/28 00:00;2,48E+08
2019/12/01 00:00;2,11E+08
2019/12/04 00:00;2,54E+08
