03/01/2009 00:00;4,97E-08;1,17E-07
06/01/2009 00:00;0;0,00E+00
09/01/2009 00:00;6,95944E-07;1,64E-06
12/01/2009 00:00;4,42421E-06;1,04E-05
15/01/2009 00:00;6,3132E-06;1,49E-05
18/01/2009 00:00;5,02074E-06;1,18E-05
21/01/2009 00:00;5,61726E-06;1,32E-05
24/01/2009 00:00;9,89234E-06;2,33E-05
27/01/2009 00:00;5,12016E-06;1,21E-05
30/01/2009 00:00;6,01494E-06;1,42E-05
02/02/2009 00:00;6,3132E-06;1,49E-05
05/02/2009 00:00;6,01494E-06;1,42E-05
08/02/2009 00:00;6,66118E-06;1,57E-05
11/02/2009 00:00;6,51205E-06;1,53E-05
14/02/2009 00:00;7,00915E-06;1,65E-05
17/02/2009 00:00;5,86581E-06;1,38E-05
20/02/2009 00:00;6,36291E-06;1,50E-05
23/02/2009 00:00;5,319E-06;1,25E-05
26/02/2009 00:00;4,77219E-06;1,12E-05
01/03/2009 00:00;5,26929E-06;1,24E-05
04/03/2009 00:00;5,26929E-06;1,24E-05
07/03/2009 00:00;5,51784E-06;1,30E-05
10/03/2009 00:00;5,21958E-06;1,23E-05
13/03/2009 00:00;5,66697E-06;1,34E-05
16/03/2009 00:00;6,46234E-06;1,52E-05
19/03/2009 00:00;6,06465E-06;1,43E-05
22/03/2009 00:00;4,72248E-06;1,11E-05
25/03/2009 00:00;5,76639E-06;1,36E-05
28/03/2009 00:00;5,91552E-06;1,39E-05
31/03/2009 00:00;5,61726E-06;1,32E-05
03/04/2009 00:00;5,61726E-06;1,32E-05
06/04/2009 00:00;5,71668E-06;1,35E-05
09/04/2009 00:00;4,92132E-06;1,16E-05
12/04/2009 00:00;5,71668E-06;1,35E-05
15/04/2009 00:00;5,56755E-06;1,31E-05
18/04/2009 00:00;6,06465E-06;1,43E-05
21/04/2009 00:00;6,11436E-06;1,44E-05
24/04/2009 00:00;5,61726E-06;1,32E-05
27/04/2009 00:00;5,21958E-06;1,23E-05
30/04/2009 00:00;6,56176E-06;1,55E-05
03/05/2009 00:00;5,66697E-06;1,34E-05
06/05/2009 00:00;6,81031E-06;1,61E-05
09/05/2009 00:00;4,52363E-06;1,07E-05
12/05/2009 00:00;6,3132E-06;1,49E-05
15/05/2009 00:00;7,10857E-06;1,68E-05
18/05/2009 00:00;6,16407E-06;1,45E-05
21/05/2009 00:00;4,42421E-06;1,04E-05
24/05/2009 00:00;4,77219E-06;1,12E-05
27/05/2009 00:00;6,21378E-06;1,46E-05
30/05/2009 00:00;5,12016E-06;1,21E-05
02/06/2009 00:00;4,42421E-06;1,04E-05
05/06/2009 00:00;2,83349E-06;6,68E-06
08/06/2009 00:00;3,57914E-06;8,44E-06
11/06/2009 00:00;4,62306E-06;1,09E-05
14/06/2009 00:00;3,47972E-06;8,20E-06
17/06/2009 00:00;3,82769E-06;9,02E-06
20/06/2009 00:00;4,17566E-06;9,84E-06
23/06/2009 00:00;3,77798E-06;8,91E-06
26/06/2009 00:00;4,42421E-06;1,04E-05
29/06/2009 00:00;3,77798E-06;8,91E-06
02/07/2009 00:00;3,57914E-06;8,44E-06
05/07/2009 00:00;3,97682E-06;9,37E-06
08/07/2009 00:00;3,92711E-06;9,26E-06
11/07/2009 00:00;4,17566E-06;9,84E-06
14/07/2009 00:00;3,57914E-06;8,44E-06
17/07/2009 00:00;3,23117E-06;7,62E-06
20/07/2009 00:00;3,72827E-06;8,79E-06
23/07/2009 00:00;3,28088E-06;7,73E-06
26/07/2009 00:00;6,46234E-07;1,52E-06
29/07/2009 00:00;1,59073E-06;3,75E-06
01/08/2009 00:00;1,14334E-06;2,70E-06
04/08/2009 00:00;2,8832E-06;6,80E-06
07/08/2009 00:00;3,67856E-06;8,67E-06
10/08/2009 00:00;4,07624E-06;9,61E-06
13/08/2009 00:00;4,02653E-06;9,49E-06
16/08/2009 00:00;1,24276E-06;2,93E-06
19/08/2009 00:00;7,45654E-07;1,76E-06
22/08/2009 00:00;3,97682E-07;9,37E-07
25/08/2009 00:00;2,73406E-06;6,44E-06
28/08/2009 00:00;3,18146E-06;7,50E-06
31/08/2009 00:00;4,67277E-06;1,10E-05
03/09/2009 00:00;2,98262E-06;7,03E-06
06/09/2009 00:00;3,57914E-06;8,44E-06
09/09/2009 00:00;2,8832E-06;6,80E-06
12/09/2009 00:00;3,52943E-06;8,32E-06
15/09/2009 00:00;2,78378E-06;6,56E-06
18/09/2009 00:00;4,02653E-06;9,49E-06
21/09/2009 00:00;3,67856E-06;8,67E-06
24/09/2009 00:00;4,07624E-06;9,61E-06
27/09/2009 00:00;4,42421E-06;1,04E-05
30/09/2009 00:00;4,32479E-06;1,02E-05
03/10/2009 00:00;2,8832E-06;6,80E-06
06/10/2009 00:00;2,03812E-06;4,80E-06
09/10/2009 00:00;3,8774E-06;9,14E-06
12/10/2009 00:00;3,08204E-06;7,26E-06
15/10/2009 00:00;4,22537E-06;9,96E-06
18/10/2009 00:00;3,18146E-06;7,50E-06
21/10/2009 00:00;4,12595E-06;9,73E-06
24/10/2009 00:00;3,72827E-06;8,79E-06
27/10/2009 00:00;3,28088E-06;7,73E-06
30/10/2009 00:00;3,03233E-06;7,15E-06
02/11/2009 00:00;1,64044E-06;3,87E-06
05/11/2009 00:00;3,18146E-06;7,50E-06
08/11/2009 00:00;3,47972E-06;8,20E-06
11/11/2009 00:00;3,43001E-06;8,09E-06
14/11/2009 00:00;4,12595E-06;9,73E-06
17/11/2009 00:00;4,52363E-06;1,07E-05
20/11/2009 00:00;4,07624E-06;9,61E-06
23/11/2009 00:00;4,77219E-06;1,12E-05
26/11/2009 00:00;3,8774E-06;9,14E-06
29/11/2009 00:00;2,8832E-06;6,80E-06
02/12/2009 00:00;4,87161E-06;1,15E-05
05/12/2009 00:00;2,58493E-06;6,09E-06
08/12/2009 00:00;5,91552E-06;1,39E-05
11/12/2009 00:00;6,21378E-06;1,46E-05
14/12/2009 00:00;5,36871E-06;1,27E-05
17/12/2009 00:00;8,00335E-06;1,89E-05
20/12/2009 00:00;8,6993E-06;2,05E-05
23/12/2009 00:00;8,40104E-06;1,98E-05
26/12/2009 00:00;7,90393E-06;1,86E-05
29/12/2009 00:00;8,15248E-06;1,92E-05
01/01/2010 00:00;6,99747E-06;1,65E-05
04/01/2010 00:00;1,11724E-05;2,63E-05
07/01/2010 00:00;9,34956E-06;2,20E-05
10/01/2010 00:00;1,12312E-05;2,65E-05
13/01/2010 00:00;1,02502E-05;2,42E-05
16/01/2010 00:00;8,69325E-06;2,05E-05
19/01/2010 00:00;7,72012E-06;1,82E-05
22/01/2010 00:00;9,73125E-06;2,29E-05
25/01/2010 00:00;1,35648E-05;3,20E-05
28/01/2010 00:00;1,15602E-05;2,72E-05
31/01/2010 00:00;1,37653E-05;3,24E-05
03/02/2010 00:00;1,62377E-05;3,83E-05
06/02/2010 00:00;1,72675E-05;4,07E-05
09/02/2010 00:00;1,88948E-05;4,45E-05
12/02/2010 00:00;1,69058E-05;3,98E-05
15/02/2010 00:00;2,32461E-05;5,48E-05
18/02/2010 00:00;2,87749E-05;6,78E-05
21/02/2010 00:00;2,68901E-05;6,34E-05
24/02/2010 00:00;3,57131E-05;8,42E-05
27/02/2010 00:00;3,25177E-05;7,66E-05
02/03/2010 00:00;3,68408E-05;8,68E-05
05/03/2010 00:00;3,28936E-05;7,75E-05
08/03/2010 00:00;3,06328E-05;7,22E-05
11/03/2010 00:00;3,28852E-05;7,75E-05
14/03/2010 00:00;2,81552E-05;6,64E-05
17/03/2010 00:00;2,77047E-05;6,53E-05
20/03/2010 00:00;4,34716E-05;1,02E-04
23/03/2010 00:00;4,65218E-05;1,10E-04
26/03/2010 00:00;4,42524E-05;1,04E-04
29/03/2010 00:00;4,35716E-05;1,03E-04
01/04/2010 00:00;5,71745E-05;1,35E-04
04/04/2010 00:00;5,02168E-05;1,18E-04
07/04/2010 00:00;5,83846E-05;1,38E-04
10/04/2010 00:00;7,26026E-05;1,71E-04
13/04/2010 00:00;6,41395E-05;1,51E-04
16/04/2010 00:00;7,85223E-05;1,85E-04
19/04/2010 00:00;8,43532E-05;1,99E-04
22/04/2010 00:00;0,000100871;2,38E-04
25/04/2010 00:00;9,63121E-05;2,27E-04
28/04/2010 00:00;9,97315E-05;2,35E-04
01/05/2010 00:00;9,28928E-05;2,19E-04
04/05/2010 00:00;8,30357E-05;1,96E-04
07/05/2010 00:00;8,36745E-05;1,97E-04
10/05/2010 00:00;8,75069E-05;2,06E-04
13/05/2010 00:00;8,30357E-05;1,96E-04
16/05/2010 00:00;6,13187E-05;1,45E-04
19/05/2010 00:00;0,000103475;2,44E-04
22/05/2010 00:00;0,000113065;2,67E-04
25/05/2010 00:00;0,000126609;2,98E-04
28/05/2010 00:00;0,000128965;3,04E-04
31/05/2010 00:00;0,000125573;2,96E-04
03/06/2010 00:00;0,000129704;3,06E-04
06/06/2010 00:00;0,000124747;2,94E-04
09/06/2010 00:00;0,000133834;3,15E-04
12/06/2010 00:00;0,000118373;2,79E-04
15/06/2010 00:00;0,000169352;3,99E-04
18/06/2010 00:00;0,000127878;3,01E-04
21/06/2010 00:00;0,000139974;3,30E-04
24/06/2010 00:00;0,00017556;4,14E-04
27/06/2010 00:00;0,000153374;3,62E-04
30/06/2010 00:00;0,00017749;4,18E-04
03/07/2010 00:00;0,000192924;4,55E-04
06/07/2010 00:00;0,000196267;4,63E-04
09/07/2010 00:00;0,0002208;5,20E-04
12/07/2010 00:00;0,000599314;1,41E-03
15/07/2010 00:00;0,001407832;3,32E-03
18/07/2010 00:00;0,001615397;3,81E-03
21/07/2010 00:00;0,001822962;4,30E-03
24/07/2010 00:00;0,001669545;3,94E-03
27/07/2010 00:00;0,002124483;5,01E-03
30/07/2010 00:00;0,002209463;5,21E-03
02/08/2010 00:00;0,003083536;7,27E-03
05/08/2010 00:00;0,002962137;6,98E-03
08/08/2010 00:00;0,003361158;7,92E-03
11/08/2010 00:00;0,003798808;8,95E-03
14/08/2010 00:00;0,004569073;1,08E-02
17/08/2010 00:00;0,003332692;7,86E-03
20/08/2010 00:00;0,004248547;1,00E-02
23/08/2010 00:00;0,005520567;1,30E-02
26/08/2010 00:00;0,005291603;1,25E-02
29/08/2010 00:00;0,00489622;1,15E-02
01/09/2010 00:00;0,005454017;1,29E-02
04/09/2010 00:00;0,005546983;1,31E-02
07/09/2010 00:00;0,004679299;1,10E-02
10/09/2010 00:00;0,006059847;1,43E-02
13/09/2010 00:00;0,005811783;1,37E-02
16/09/2010 00:00;0,006733163;1,59E-02
19/09/2010 00:00;0,009581379;2,26E-02
22/09/2010 00:00;0,007893231;1,86E-02
25/09/2010 00:00;0,009216374;2,17E-02
28/09/2010 00:00;0,009855133;2,32E-02
01/10/2010 00:00;0,010226025;2,41E-02
04/10/2010 00:00;0,010094922;2,38E-02
07/10/2010 00:00;0,0113404;2,67E-02
10/10/2010 00:00;0,011274848;2,66E-02
13/10/2010 00:00;0,011576864;2,73E-02
16/10/2010 00:00;0,016372014;3,86E-02
19/10/2010 00:00;0,016646023;3,92E-02
22/10/2010 00:00;0,016344753;3,85E-02
25/10/2010 00:00;0,022433975;5,29E-02
28/10/2010 00:00;0,022968118;5,41E-02
31/10/2010 00:00;0,027971776;6,59E-02
03/11/2010 00:00;0,030891906;7,28E-02
06/11/2010 00:00;0,031045597;7,32E-02
09/11/2010 00:00;0,054120808;1,28E-01
12/11/2010 00:00;0,038561076;9,09E-02
15/11/2010 00:00;0,049836244;1,17E-01
18/11/2010 00:00;0,059307385;1,40E-01
21/11/2010 00:00;0,046082977;1,09E-01
24/11/2010 00:00;0,063150746;1,49E-01
27/11/2010 00:00;0,062468035;1,47E-01
30/11/2010 00:00;0,084329546;1,99E-01
03/12/2010 00:00;0,077101299;1,82E-01
06/12/2010 00:00;0,096376623;2,27E-01
09/12/2010 00:00;0,100392316;2,37E-01
12/12/2010 00:00;0,105974737;2,50E-01
15/12/2010 00:00;0,109019988;2,57E-01
18/12/2010 00:00;0,096229933;2,27E-01
21/12/2010 00:00;0,119982892;2,83E-01
24/12/2010 00:00;0,108001742;2,55E-01
27/12/2010 00:00;0,11592187;2,73E-01
30/12/2010 00:00;0,115201859;2,72E-01
02/01/2011 00:00;0,129602091;3,05E-01
05/01/2011 00:00;0,121596944;2,87E-01
08/01/2011 00:00;0,155644088;3,67E-01
11/01/2011 00:00;0,131324699;3,10E-01
14/01/2011 00:00;0,141052455;3,32E-01
17/01/2011 00:00;0,158561467;3,74E-01
20/01/2011 00:00;0,153978766;3,63E-01
23/01/2011 00:00;0,155811847;3,67E-01
26/01/2011 00:00;0,178725353;4,21E-01
29/01/2011 00:00;0,164136212;3,87E-01
01/02/2011 00:00;0,195869213;4,62E-01
04/02/2011 00:00;0,207905868;4,90E-01
07/02/2011 00:00;0,225413731;5,31E-01
10/02/2011 00:00;0,244256346;5,76E-01
13/02/2011 00:00;0,263641771;6,21E-01
16/02/2011 00:00;0,298535534;7,04E-01
19/02/2011 00:00;0,318987823;7,52E-01
22/02/2011 00:00;0,384235332;9,06E-01
25/02/2011 00:00;0,40235964;9,48E-01
28/02/2011 00:00;0,461482779;1,09E+00
03/03/2011 00:00;0,505696698;1,19E+00
06/03/2011 00:00;0,746109882;1,76E+00
09/03/2011 00:00;0,598433793;1,41E+00
12/03/2011 00:00;0,518895124;1,22E+00
15/03/2011 00:00;0,367392898;8,66E-01
18/03/2011 00:00;0,52268268;1,23E+00
21/03/2011 00:00;0,587071126;1,38E+00
24/03/2011 00:00;0,575708459;1,36E+00
27/03/2011 00:00;0,524622354;1,24E+00
30/03/2011 00:00;0,534909066;1,26E+00
02/04/2011 00:00;0,648062907;1,53E+00
05/04/2011 00:00;0,692638663;1,63E+00
08/04/2011 00:00;0,638574171;1,51E+00
11/04/2011 00:00;0,630387322;1,49E+00
14/04/2011 00:00;0,66722814;1,57E+00
17/04/2011 00:00;0,728629503;1,72E+00
20/04/2011 00:00;0,661049805;1,56E+00
23/04/2011 00:00;0,78040602;1,84E+00
26/04/2011 00:00;0,885990364;2,09E+00
29/04/2011 00:00;0,927305976;2,19E+00
02/05/2011 00:00;0,970408278;2,29E+00
05/05/2011 00:00;1,242994872;2,93E+00
08/05/2011 00:00;1,123056771;2,65E+00
11/05/2011 00:00;1,463314603;3,45E+00
14/05/2011 00:00;1,940652521;4,57E+00
17/05/2011 00:00;2,034555063;4,80E+00
20/05/2011 00:00;2,71821706;6,41E+00
23/05/2011 00:00;3,361366632;7,92E+00
26/05/2011 00:00;3,858897433;9,10E+00
29/05/2011 00:00;3,739888948;8,82E+00
01/06/2011 00:00;3,847978224;9,07E+00
04/06/2011 00:00;4,669456721;1,10E+01
07/06/2011 00:00;4,765651499;1,12E+01
10/06/2011 00:00;6,373001413;1,50E+01
13/06/2011 00:00;6,908784718;1,63E+01
16/06/2011 00:00;8,762322509;2,07E+01
19/06/2011 00:00;9,547008107;2,25E+01
22/06/2011 00:00;11,77028397;2,77E+01
25/06/2011 00:00;10,3525631;2,44E+01
28/06/2011 00:00;10,48968314;2,47E+01
01/07/2011 00:00;12,34080369;2,91E+01
04/07/2011 00:00;11,24384337;2,65E+01
07/07/2011 00:00;10,56700187;2,49E+01
10/07/2011 00:00;11,18859021;2,64E+01
13/07/2011 00:00;14,21883339;3,35E+01
16/07/2011 00:00;12,35406836;2,91E+01
19/07/2011 00:00;12,74256107;3,00E+01
22/07/2011 00:00;12,01984874;2,83E+01
25/07/2011 00:00;13,19661715;3,11E+01
28/07/2011 00:00;14,03716601;3,31E+01
31/07/2011 00:00;14,1212209;3,33E+01
03/08/2011 00:00;14,92884333;3,52E+01
06/08/2011 00:00;11,64261995;2,74E+01
09/08/2011 00:00;12,48764882;2,94E+01
12/08/2011 00:00;12,86321721;3,03E+01
15/08/2011 00:00;13,42656978;3,16E+01
18/08/2011 00:00;14,18237632;3,34E+01
21/08/2011 00:00;13,01547194;3,07E+01
24/08/2011 00:00;11,75880568;2,77E+01
27/08/2011 00:00;11,75880568;2,77E+01
30/08/2011 00:00;13,91309069;3,28E+01
02/09/2011 00:00;14,31653111;3,37E+01
05/09/2011 00:00;13,60954192;3,21E+01
08/09/2011 00:00;11,04670611;2,60E+01
11/09/2011 00:00;12,19556354;2,87E+01
14/09/2011 00:00;13,26392523;3,13E+01
17/09/2011 00:00;10,73330792;2,53E+01
20/09/2011 00:00;12,12951057;2,86E+01
23/09/2011 00:00;11,69319724;2,76E+01
26/09/2011 00:00;11,95498524;2,82E+01
29/09/2011 00:00;11,25295401;2,65E+01
02/10/2011 00:00;11,00102221;2,59E+01
05/10/2011 00:00;11,50488582;2,71E+01
08/10/2011 00:00;10,83306767;2,55E+01
11/10/2011 00:00;8,901590487;2,10E+01
14/10/2011 00:00;11,16897674;2,63E+01
17/10/2011 00:00;8,247236133;1,94E+01
20/10/2011 00:00;7,517392227;1,77E+01
23/10/2011 00:00;7,663361008;1,81E+01
26/10/2011 00:00;7,955298571;1,88E+01
29/10/2011 00:00;8,685142476;2,05E+01
01/11/2011 00:00;8,73436486;2,06E+01
04/11/2011 00:00;8,554891609;2,02E+01
07/11/2011 00:00;7,836998607;1,85E+01
10/11/2011 00:00;8,674540443;2,04E+01
13/11/2011 00:00;8,794189277;2,07E+01
16/11/2011 00:00;7,884158164;1,86E+01
19/11/2011 00:00;7,647040625;1,80E+01
22/11/2011 00:00;8,002716933;1,89E+01
25/11/2011 00:00;7,70632001;1,82E+01
28/11/2011 00:00;7,350643702;1,73E+01
01/12/2011 00:00;10,03065755;2,36E+01
04/12/2011 00:00;7,428108565;1,75E+01
07/12/2011 00:00;7,97030627;1,88E+01
10/12/2011 00:00;8,512503976;2,01E+01
13/12/2011 00:00;7,406827445;1,75E+01
16/12/2011 00:00;7,11974111;1,68E+01
19/12/2011 00:00;8,670007319;2,04E+01
22/12/2011 00:00;7,923582848;1,87E+01
25/12/2011 00:00;9,99060446;2,35E+01
28/12/2011 00:00;8,649061209;2,04E+01
31/12/2011 00:00;9,283325697;2,19E+01
03/01/2012 00:00;9,340986105;2,20E+01
06/01/2012 00:00;9,80226937;2,31E+01
09/01/2012 00:00;10,01025622;2,36E+01
12/01/2012 00:00;10,32113374;2,43E+01
15/01/2012 00:00;9,20197466;2,17E+01
18/01/2012 00:00;8,828921633;2,08E+01
21/01/2012 00:00;11,1294153;2,62E+01
24/01/2012 00:00;8,77601647;2,07E+01
27/01/2012 00:00;9,036046588;2,13E+01
30/01/2012 00:00;10,79124988;2,54E+01
02/02/2012 00:00;10,59622729;2,50E+01
05/02/2012 00:00;9,327239883;2,20E+01
08/02/2012 00:00;9,052909298;2,13E+01
11/02/2012 00:00;9,464405175;2,23E+01
14/02/2012 00:00;9,327239883;2,20E+01
17/02/2012 00:00;9,73873576;2,30E+01
20/02/2012 00:00;9,988788097;2,35E+01
23/02/2012 00:00;11,49394795;2,71E+01
26/02/2012 00:00;10,39928624;2,45E+01
29/02/2012 00:00;12,72544237;3,00E+01
03/03/2012 00:00;8,855409941;2,09E+01
06/03/2012 00:00;11,01345102;2,60E+01
09/03/2012 00:00;12,35292479;2,91E+01
12/03/2012 00:00;12,57617042;2,96E+01
15/03/2012 00:00;9,599562037;2,26E+01
18/03/2012 00:00;11,61897621;2,74E+01
21/03/2012 00:00;12,06585992;2,84E+01
24/03/2012 00:00;12,81066608;3,02E+01
27/03/2012 00:00;11,02313128;2,60E+01
30/03/2012 00:00;12,12846182;2,86E+01
02/04/2012 00:00;10,26876434;2,42E+01
05/04/2012 00:00;9,621913043;2,27E+01
08/04/2012 00:00;11,80503617;2,78E+01
11/04/2012 00:00;11,56246693;2,73E+01
14/04/2012 00:00;10,43232114;2,46E+01
17/04/2012 00:00;11,13826769;2,63E+01
20/04/2012 00:00;12,15796825;2,87E+01
23/04/2012 00:00;11,60889871;2,74E+01
26/04/2012 00:00;12,07952974;2,85E+01
29/04/2012 00:00;12,44873829;2,93E+01
02/05/2012 00:00;11,5488295;2,72E+01
05/05/2012 00:00;11,6988143;2,76E+01
08/05/2012 00:00;13,94858628;3,29E+01
11/05/2012 00:00;10,59746018;2,50E+01
14/05/2012 00:00;12,32062444;2,90E+01
17/05/2012 00:00;10,16666911;2,40E+01
20/05/2012 00:00;12,23446622;2,88E+01
23/05/2012 00:00;10,42514375;2,46E+01
26/05/2012 00:00;10,67752332;2,52E+01
29/05/2012 00:00;10,75661609;2,54E+01
01/06/2012 00:00;11,94300757;2,82E+01
04/06/2012 00:00;11,94300757;2,82E+01
07/06/2012 00:00;9,965688435;2,35E+01
10/06/2012 00:00;13,3790336;3,15E+01
13/06/2012 00:00;12,74943202;3,01E+01
16/06/2012 00:00;12,59203163;2,97E+01
19/06/2012 00:00;14,32343598;3,38E+01
22/06/2012 00:00;12,10176058;2,85E+01
25/06/2012 00:00;13,13169765;3,10E+01
28/06/2012 00:00;11,58679204;2,73E+01
01/07/2012 00:00;11,84427631;2,79E+01
04/07/2012 00:00;13,84337907;3,26E+01
07/07/2012 00:00;14,80109712;3,49E+01
10/07/2012 00:00;13,14685686;3,10E+01
13/07/2012 00:00;14,01750963;3,30E+01
16/07/2012 00:00;12,88566102;3,04E+01
19/07/2012 00:00;13,26737055;3,13E+01
22/07/2012 00:00;12,89625529;3,04E+01
25/07/2012 00:00;14,28793751;3,37E+01
28/07/2012 00:00;15,77239855;3,72E+01
31/07/2012 00:00;13,46538137;3,17E+01
03/08/2012 00:00;17,51512013;4,13E+01
06/08/2012 00:00;14,27532912;3,36E+01
09/08/2012 00:00;16,09771157;3,79E+01
12/08/2012 00:00;18,40554294;4,34E+01
15/08/2012 00:00;18,62336001;4,39E+01
18/08/2012 00:00;16,11846364;3,80E+01
21/08/2012 00:00;19,7124454;4,65E+01
24/08/2012 00:00;16,98973194;4,00E+01
27/08/2012 00:00;18,07742531;4,26E+01
30/08/2012 00:00;19,16935033;4,52E+01
02/09/2012 00:00;18,56272532;4,38E+01
05/09/2012 00:00;21,83850037;5,15E+01
08/09/2012 00:00;18,74905902;4,42E+01
11/09/2012 00:00;21,15965232;4,99E+01
14/09/2012 00:00;21,69533972;5,11E+01
17/09/2012 00:00;23,57024562;5,56E+01
20/09/2012 00:00;20,92944794;4,93E+01
23/09/2012 00:00;21,21420234;5,00E+01
26/09/2012 00:00;20,35993916;4,80E+01
29/09/2012 00:00;23,91936908;5,64E+01
02/10/2012 00:00;19,36329878;4,56E+01
05/10/2012 00:00;20,65110469;4,87E+01
08/10/2012 00:00;25,20649543;5,94E+01
11/10/2012 00:00;20,9547974;4,94E+01
14/10/2012 00:00;20,9547974;4,94E+01
17/10/2012 00:00;21,53435778;5,08E+01
20/10/2012 00:00;21,07617995;4,97E+01
23/10/2012 00:00;20,92345401;4,93E+01
26/10/2012 00:00;24,58887661;5,80E+01
29/10/2012 00:00;24,13069879;5,69E+01
01/11/2012 00:00;22,17516038;5,23E+01
04/11/2012 00:00;26,28167156;6,19E+01
07/11/2012 00:00;25,78889022;6,08E+01
10/11/2012 00:00;26,28167156;6,19E+01
13/11/2012 00:00;22,77487591;5,37E+01
16/11/2012 00:00;23,61218753;5,57E+01
19/11/2012 00:00;20,59786571;4,86E+01
22/11/2012 00:00;24,61696146;5,80E+01
25/11/2012 00:00;23,61218753;5,57E+01
28/11/2012 00:00;28,89039649;6,81E+01
01/12/2012 00:00;27,35185466;6,45E+01
04/12/2012 00:00;18,97534917;4,47E+01
07/12/2012 00:00;21,19768736;5,00E+01
10/12/2012 00:00;24,27477101;5,72E+01
13/12/2012 00:00;22,78443985;5,37E+01
16/12/2012 00:00;19,26625428;4,54E+01
19/12/2012 00:00;23,95716837;5,65E+01
22/12/2012 00:00;24,12470102;5,69E+01
25/12/2012 00:00;20,60651545;4,86E+01
28/12/2012 00:00;26,06886297;6,14E+01
31/12/2012 00:00;24,88391466;5,87E+01
03/01/2013 00:00;23,69896634;5,59E+01
06/01/2013 00:00;21,03283263;4,96E+01
09/01/2013 00:00;21,64582213;5,10E+01
12/01/2013 00:00;19,22278234;4,53E+01
15/01/2013 00:00;20,51507022;4,84E+01
18/01/2013 00:00;20,19199825;4,76E+01
21/01/2013 00:00;23,58425396;5,56E+01
24/01/2013 00:00;23,90732593;5,64E+01
27/01/2013 00:00;22,43195058;5,29E+01
30/01/2013 00:00;21,39890022;5,04E+01
02/02/2013 00:00;23,76015818;5,60E+01
05/02/2013 00:00;28,00576717;6,60E+01
08/02/2013 00:00;24,74928262;5,83E+01
11/02/2013 00:00;25,88905221;6,10E+01
14/02/2013 00:00;26,70317335;6,29E+01
17/02/2013 00:00;30,28530636;7,14E+01
20/02/2013 00:00;31,39824966;7,40E+01
23/02/2013 00:00;29,40182916;6,93E+01
26/02/2013 00:00;28,13137975;6,63E+01
01/03/2013 00:00;34,30627041;8,09E+01
04/03/2013 00:00;37,9974514;8,96E+01
07/03/2013 00:00;33,00350064;7,78E+01
10/03/2013 00:00;40,16873434;9,47E+01
13/03/2013 00:00;33,43775723;7,88E+01
16/03/2013 00:00;42,41210107;1,00E+02
19/03/2013 00:00;47,47263586;1,12E+02
22/03/2013 00:00;54,22001557;1,28E+02
25/03/2013 00:00;45,26778087;1,07E+02
28/03/2013 00:00;59,58038805;1,40E+02
31/03/2013 00:00;52,25765879;1,23E+02
03/04/2013 00:00;59,24753672;1,40E+02
06/04/2013 00:00;64,07971834;1,51E+02
09/04/2013 00:00;64,07971834;1,51E+02
12/04/2013 00:00;65,98685282;1,56E+02
15/04/2013 00:00;61,02830318;1,44E+02
18/04/2013 00:00;72,71669197;1,71E+02
21/04/2013 00:00;77,62395339;1,83E+02
24/04/2013 00:00;78,07006806;1,84E+02
27/04/2013 00:00;70,93223327;1,67E+02
30/04/2013 00:00;74,63339018;1,76E+02
03/05/2013 00:00;73,63159971;1,74E+02
06/05/2013 00:00;81,64592348;1,92E+02
09/05/2013 00:00;83,14860919;1,96E+02
12/05/2013 00:00;89,15935203;2,10E+02
15/05/2013 00:00;81,74987297;1,93E+02
18/05/2013 00:00;81,74987297;1,93E+02
21/05/2013 00:00;82,86211614;1,95E+02
24/05/2013 00:00;90,09169674;2,12E+02
27/05/2013 00:00;103,9136922;2,45E+02
30/05/2013 00:00;102,101244;2,41E+02
02/06/2013 00:00;123,2464721;2,91E+02
05/06/2013 00:00;156,7035621;3,69E+02
08/06/2013 00:00;130,327715;3,07E+02
11/06/2013 00:00;136,5337967;3,22E+02
14/06/2013 00:00;133,4307558;3,15E+02
17/06/2013 00:00;148,0494004;3,49E+02
20/06/2013 00:00;140,3585225;3,31E+02
23/06/2013 00:00;169,1993148;3,99E+02
26/06/2013 00:00;181,6969915;4,28E+02
29/06/2013 00:00;170,754179;4,02E+02
02/07/2013 00:00;166,5118392;3,92E+02
05/07/2013 00:00;187,7235384;4,42E+02
08/07/2013 00:00;197,2688031;4,65E+02
11/07/2013 00:00;249,7082121;5,89E+02
14/07/2013 00:00;211,9918675;5,00E+02
17/07/2013 00:00;219,7952492;5,18E+02
20/07/2013 00:00;243,205394;5,73E+02
23/07/2013 00:00;225,2998321;5,31E+02
26/07/2013 00:00;276,5749663;6,52E+02
29/07/2013 00:00;257,929463;6,08E+02
01/08/2013 00:00;287,4515099;6,78E+02
04/08/2013 00:00;317,8555672;7,49E+02
07/08/2013 00:00;327,1495897;7,71E+02
10/08/2013 00:00;369,9020929;8,72E+02
13/08/2013 00:00;484,9527656;1,14E+03
16/08/2013 00:00;434,4368525;1,02E+03
19/08/2013 00:00;449,5916264;1,06E+03
22/08/2013 00:00;525,365496;1,24E+03
25/08/2013 00:00;467,3888102;1,10E+03
28/08/2013 00:00;545,8316874;1,29E+03
31/08/2013 00:00;702,7174419;1,66E+03
03/09/2013 00:00;604,6638454;1,43E+03
06/09/2013 00:00;821,0781131;1,94E+03
09/09/2013 00:00;834,0425044;1,97E+03
12/09/2013 00:00;898,8644606;2,12E+03
15/09/2013 00:00;1024,579581;2,42E+03
18/09/2013 00:00;845,4181239;1,99E+03
21/09/2013 00:00;1046,974763;2,47E+03
24/09/2013 00:00;1125,3579;2,65E+03
27/09/2013 00:00;1302,020289;3,07E+03
30/09/2013 00:00;1213,246178;2,86E+03
03/10/2013 00:00;1538,75125;3,63E+03
06/10/2013 00:00;1900,662831;4,48E+03
09/10/2013 00:00;1721,887615;4,06E+03
12/10/2013 00:00;1853,616722;4,37E+03
15/10/2013 00:00;2333,487041;5,50E+03
18/10/2013 00:00;2302,45572;5,43E+03
21/10/2013 00:00;2675,107513;6,31E+03
24/10/2013 00:00;2781,579453;6,56E+03
27/10/2013 00:00;3439,672053;8,11E+03
30/10/2013 00:00;3808,902386;8,98E+03
02/11/2013 00:00;4216,99907;9,94E+03
05/11/2013 00:00;3303,639825;7,79E+03
08/11/2013 00:00;3377,99452;7,96E+03
11/11/2013 00:00;4952,698733;1,17E+04
14/11/2013 00:00;4292,338902;1,01E+04
17/11/2013 00:00;5847,426832;1,38E+04
20/11/2013 00:00;4938,500381;1,16E+04
23/11/2013 00:00;4908,202833;1,16E+04
26/11/2013 00:00;4968,79793;1,17E+04
29/11/2013 00:00;6505,60945;1,53E+04
02/12/2013 00:00;5731,969408;1,35E+04
05/12/2013 00:00;6013,29306;1,42E+04
08/12/2013 00:00;6294,616711;1,48E+04
11/12/2013 00:00;7134,389874;1,68E+04
14/12/2013 00:00;9030,873258;2,13E+04
17/12/2013 00:00;8895,410159;2,10E+04
20/12/2013 00:00;9121,181991;2,15E+04
23/12/2013 00:00;9333,937661;2,20E+04
26/12/2013 00:00;10508,01787;2,48E+04
29/12/2013 00:00;8805,601567;2,08E+04
01/01/2014 00:00;11740,80209;2,77E+04
04/01/2014 00:00;10435,93771;2,46E+04
07/01/2014 00:00;13185,94832;3,11E+04
10/01/2014 00:00;14243,64471;3,36E+04
13/01/2014 00:00;18058,64887;4,26E+04
16/01/2014 00:00;17791,77229;4,19E+04
19/01/2014 00:00;16368,43051;3,86E+04
22/01/2014 00:00;16902,18368;3,98E+04
25/01/2014 00:00;16903,79922;3,98E+04
28/01/2014 00:00;18103,42368;4,27E+04
31/01/2014 00:00;20066,44552;4,73E+04
03/02/2014 00:00;21157,01322;4,99E+04
06/02/2014 00:00;21761,8906;5,13E+04
09/02/2014 00:00;19676,91905;4,64E+04
12/02/2014 00:00;21761,8906;5,13E+04
15/02/2014 00:00;23455,92999;5,53E+04
18/02/2014 00:00;25980,5117;6,12E+04
21/02/2014 00:00;26136,08362;6,16E+04
24/02/2014 00:00;28314,09059;6,67E+04
27/02/2014 00:00;28314,09059;6,67E+04
02/03/2014 00:00;28262,41817;6,66E+04
05/03/2014 00:00;30538,58608;7,20E+04
08/03/2014 00:00;33194,1153;7,82E+04
11/03/2014 00:00;31866,35069;7,51E+04
14/03/2014 00:00;29367,84755;6,92E+04
17/03/2014 00:00;37607,74722;8,86E+04
20/03/2014 00:00;35283,67296;8,32E+04
23/03/2014 00:00;43312,29315;1,02E+05
26/03/2014 00:00;39324,9976;9,27E+04
29/03/2014 00:00;42560,59867;1,00E+05
01/04/2014 00:00;44551,73779;1,05E+05
04/04/2014 00:00;50027,37037;1,18E+05
07/04/2014 00:00;44415,13216;1,05E+05
10/04/2014 00:00;53237,31594;1,25E+05
13/04/2014 00:00;60538,43356;1,43E+05
16/04/2014 00:00;45327,77186;1,07E+05
19/04/2014 00:00;56547,98442;1,33E+05
22/04/2014 00:00;53425,70307;1,26E+05
25/04/2014 00:00;56894,90457;1,34E+05
28/04/2014 00:00;57588,74487;1,36E+05
01/05/2014 00:00;66817,88587;1,57E+05
04/05/2014 00:00;60454,27769;1,42E+05
07/05/2014 00:00;64829,25832;1,53E+05
10/05/2014 00:00;70397,41547;1,66E+05
13/05/2014 00:00;74817,97102;1,76E+05
16/05/2014 00:00;80099,23956;1,89E+05
19/05/2014 00:00;77898,711;1,84E+05
22/05/2014 00:00;73497,65388;1,73E+05
25/05/2014 00:00;78483,25676;1,85E+05
28/05/2014 00:00;91996,9301;2,17E+05
31/05/2014 00:00;79003,01342;1,86E+05
03/06/2014 00:00;97714,25344;2,30E+05
06/06/2014 00:00;86494,36212;2,04E+05
09/06/2014 00:00;79481,30574;1,87E+05
12/06/2014 00:00;90585,31168;2,14E+05
15/06/2014 00:00;108702,374;2,56E+05
18/06/2014 00:00;113768,8429;2,68E+05
21/06/2014 00:00;126484,1841;2,98E+05
24/06/2014 00:00;132507,2405;3,12E+05
27/06/2014 00:00;125145,7271;2,95E+05
30/06/2014 00:00;104506,2812;2,46E+05
03/07/2014 00:00;111194,6832;2,62E+05
06/07/2014 00:00;124571,4872;2,94E+05
09/07/2014 00:00;132931,9897;3,13E+05
12/07/2014 00:00;137948,2912;3,25E+05
15/07/2014 00:00;118927,4328;2,80E+05
18/07/2014 00:00;137025,0856;3,23E+05
21/07/2014 00:00;128407,1557;3,03E+05
24/07/2014 00:00;128407,1557;3,03E+05
27/07/2014 00:00;149954,3634;3,53E+05
30/07/2014 00:00;162993,8733;3,84E+05
02/08/2014 00:00;157405,5119;3,71E+05
05/08/2014 00:00;122943,9502;2,90E+05
08/08/2014 00:00;157903,3291;3,72E+05
11/08/2014 00:00;178499,4155;4,21E+05
14/08/2014 00:00;166730,2233;3,93E+05
17/08/2014 00:00;161826,3932;3,81E+05
20/08/2014 00:00;187281,3463;4,41E+05
23/08/2014 00:00;186096,0214;4,39E+05
26/08/2014 00:00;196763,9462;4,64E+05
29/08/2014 00:00;196763,9462;4,64E+05
01/09/2014 00:00;204522,6957;4,82E+05
04/09/2014 00:00;227701,9345;5,37E+05
07/09/2014 00:00;223611,4806;5,27E+05
10/09/2014 00:00;212703,6035;5,01E+05
13/09/2014 00:00;241336,7809;5,69E+05
16/09/2014 00:00;250600,6489;5,91E+05
19/09/2014 00:00;240220,7404;5,66E+05
22/09/2014 00:00;232806,52;5,49E+05
25/09/2014 00:00;241703,5845;5,70E+05
28/09/2014 00:00;239501,0072;5,65E+05
01/10/2014 00:00;249839,1801;5,89E+05
04/10/2014 00:00;246393,1225;5,81E+05
07/10/2014 00:00;260177,3531;6,13E+05
10/10/2014 00:00;276657,2683;6,52E+05
13/10/2014 00:00;266217,3713;6,28E+05
16/10/2014 00:00;260997,4229;6,15E+05
19/10/2014 00:00;233157,6978;5,50E+05
22/10/2014 00:00;297537,0621;7,01E+05
25/10/2014 00:00;271906,0938;6,41E+05
28/10/2014 00:00;268328,3821;6,32E+05
31/10/2014 00:00;336304,9055;7,93E+05
03/11/2014 00:00;277272,6615;6,54E+05
06/11/2014 00:00;285462,7945;6,73E+05
09/11/2014 00:00;273650,541;6,45E+05
12/11/2014 00:00;265775,7052;6,26E+05
15/11/2014 00:00;295306,3392;6,96E+05
18/11/2014 00:00;295306,3392;6,96E+05
21/11/2014 00:00;248412,3463;5,86E+05
24/11/2014 00:00;310515,4329;7,32E+05
27/11/2014 00:00;262435,624;6,19E+05
30/11/2014 00:00;312518,7583;7,37E+05
03/12/2014 00:00;242402,3702;5,71E+05
06/12/2014 00:00;288373,4095;6,80E+05
09/12/2014 00:00;276440,7167;6,52E+05
12/12/2014 00:00;282407,0631;6,66E+05
15/12/2014 00:00;304283,6666;7,17E+05
18/12/2014 00:00;272641,7557;6,43E+05
21/12/2014 00:00;284410,4645;6,70E+05
24/12/2014 00:00;296179,1734;6,98E+05
27/12/2014 00:00;313832,2367;7,40E+05
30/12/2014 00:00;286371,916;6,75E+05
02/01/2015 00:00;323243,6531;7,62E+05
05/01/2015 00:00;339405,8358;8,00E+05
08/01/2015 00:00;272736,8323;6,43E+05
11/01/2015 00:00;296980,1063;7,00E+05
14/01/2015 00:00;330062,3197;7,78E+05
17/01/2015 00:00;299460,5152;7,06E+05
20/01/2015 00:00;262301,1812;6,18E+05
23/01/2015 00:00;271044,5539;6,39E+05
26/01/2015 00:00;277602,0835;6,54E+05
29/01/2015 00:00;348786,5672;8,22E+05
01/02/2015 00:00;348786,5672;8,22E+05
04/02/2015 00:00;330321,396;7,79E+05
07/02/2015 00:00;352889,9386;8,32E+05
10/02/2015 00:00;331483,6071;7,81E+05
13/02/2015 00:00;309384,7;7,29E+05
16/02/2015 00:00;349162,7328;8,23E+05
19/02/2015 00:00;362422,0771;8,54E+05
22/02/2015 00:00;333693,4978;7,87E+05
25/02/2015 00:00;362028,0977;8,53E+05
28/02/2015 00:00;313293,5461;7,38E+05
03/03/2015 00:00;357386,7119;8,42E+05
06/03/2015 00:00;366669,4836;8,64E+05
09/03/2015 00:00;311208,0239;7,34E+05
12/03/2015 00:00;313565,6604;7,39E+05
15/03/2015 00:00;346572,572;8,17E+05
18/03/2015 00:00;332426,7528;7,84E+05
21/03/2015 00:00;337142,0259;7,95E+05
24/03/2015 00:00;387831,1122;9,14E+05
27/03/2015 00:00;399442,8222;9,42E+05
30/03/2015 00:00;329772,5625;7,77E+05
02/04/2015 00:00;341384,2724;8,05E+05
05/04/2015 00:00;371157,0054;8,75E+05
08/04/2015 00:00;292501,2162;6,89E+05
11/04/2015 00:00;336745,0976;7,94E+05
14/04/2015 00:00;388362,9593;9,15E+05
17/04/2015 00:00;329371,1174;7,76E+05
20/04/2015 00:00;408026,9066;9,62E+05
23/04/2015 00:00;326609,2919;7,70E+05
26/04/2015 00:00;352643,3659;8,31E+05
29/04/2015 00:00;305308,6859;7,20E+05
02/05/2015 00:00;347909,8979;8,20E+05
05/05/2015 00:00;364728,3889;8,60E+05
08/05/2015 00:00;350518,1919;8,26E+05
11/05/2015 00:00;352886,5581;8,32E+05
14/05/2015 00:00;331571,2626;7,82E+05
17/05/2015 00:00;419738,3697;9,89E+05
20/05/2015 00:00;344525,1358;8,12E+05
23/05/2015 00:00;291148,0021;6,86E+05
26/05/2015 00:00;327541,5024;7,72E+05
29/05/2015 00:00;380918,6361;8,98E+05
01/06/2015 00:00;332393,9691;7,84E+05
04/06/2015 00:00;335928,1799;7,92E+05
07/06/2015 00:00;395070,4651;9,31E+05
10/06/2015 00:00;373779,2424;8,81E+05
13/06/2015 00:00;373779,2424;8,81E+05
16/06/2015 00:00;303837,2967;7,16E+05
19/06/2015 00:00;397705,7298;9,37E+05
22/06/2015 00:00;365592,8448;8,62E+05
25/06/2015 00:00;395235,5079;9,32E+05
28/06/2015 00:00;363122,6229;8,56E+05
01/07/2015 00:00;356089,185;8,39E+05
04/07/2015 00:00;380647,0598;8,97E+05
07/07/2015 00:00;363456,5474;8,57E+05
10/07/2015 00:00;383102,8473;9,03E+05
13/07/2015 00:00;368157,8914;8,68E+05
16/07/2015 00:00;345306,7119;8,14E+05
19/07/2015 00:00;363079,8515;8,56E+05
22/07/2015 00:00;373235,9313;8,80E+05
25/07/2015 00:00;397611,6003;9,37E+05
28/07/2015 00:00;369025,1454;8,70E+05
31/07/2015 00:00;361228,8395;8,51E+05
03/08/2015 00:00;382018,9886;9,00E+05
06/08/2015 00:00;363827,6082;8,58E+05
09/08/2015 00:00;353662,6557;8,34E+05
12/08/2015 00:00;322225,9752;7,60E+05
15/08/2015 00:00;351042,9323;8,27E+05
18/08/2015 00:00;379859,8895;8,95E+05
21/08/2015 00:00;403437,3998;9,51E+05
24/08/2015 00:00;423446,5405;9,98E+05
27/08/2015 00:00;401869,6467;9,47E+05
30/08/2015 00:00;388384,0881;9,15E+05
02/09/2015 00:00;415355,2053;9,79E+05
05/09/2015 00:00;427538,3894;1,01E+06
08/09/2015 00:00;393561,8286;9,28E+05
11/09/2015 00:00;489828,7508;1,15E+06
14/09/2015 00:00;450189,4299;1,06E+06
17/09/2015 00:00;399224,5888;9,41E+05
20/09/2015 00:00;353949,157;8,34E+05
23/09/2015 00:00;442436,4463;1,04E+06
26/09/2015 00:00;448335,5989;1,06E+06
29/09/2015 00:00;510276,7014;1,20E+06
02/10/2015 00:00;377880,2205;8,91E+05
05/10/2015 00:00;447410,1811;1,05E+06
08/10/2015 00:00;414156,7217;9,76E+05
11/10/2015 00:00;453456,2646;1,07E+06
14/10/2015 00:00;459502,3481;1,08E+06
17/10/2015 00:00;396478,2309;9,35E+05
20/10/2015 00:00;384372,0253;9,06E+05
23/10/2015 00:00;466088,9126;1,10E+06
26/10/2015 00:00;460035,8099;1,08E+06
29/10/2015 00:00;458010,0135;1,08E+06
01/11/2015 00:00;492051,2982;1,16E+06
04/11/2015 00:00;479672,6492;1,13E+06
07/11/2015 00:00;504429,9473;1,19E+06
10/11/2015 00:00;442536,7022;1,04E+06
13/11/2015 00:00;546646,8648;1,29E+06
16/11/2015 00:00;576106,8755;1,36E+06
19/11/2015 00:00;458266,8327;1,08E+06
22/11/2015 00:00;569560,2064;1,34E+06
25/11/2015 00:00;556720,6312;1,31E+06
28/11/2015 00:00;527800,079;1,24E+06
01/12/2015 00:00;694093,2545;1,64E+06
04/12/2015 00:00;527800,079;1,24E+06
07/12/2015 00:00;593762,3031;1,40E+06
10/12/2015 00:00;770711,3338;1,82E+06
13/12/2015 00:00;585897,9018;1,38E+06
16/12/2015 00:00;660609,7147;1,56E+06
19/12/2015 00:00;720030,5864;1,70E+06
22/12/2015 00:00;654995,5657;1,54E+06
25/12/2015 00:00;622478,0553;1,47E+06
28/12/2015 00:00;747902,7381;1,76E+06
31/12/2015 00:00;743604,4442;1,75E+06
03/01/2016 00:00;769424,0429;1,81E+06
06/01/2016 00:00;702293,0862;1,66E+06
09/01/2016 00:00;821063,2404;1,94E+06
12/01/2016 00:00;908849,8762;2,14E+06
15/01/2016 00:00;693089,3552;1,63E+06
18/01/2016 00:00;986102,7412;2,32E+06
21/01/2016 00:00;755072,9561;1,78E+06
24/01/2016 00:00;935388,8859;2,20E+06
27/01/2016 00:00;918901,0182;2,17E+06
30/01/2016 00:00;1056139,482;2,49E+06
02/02/2016 00:00;978569,9154;2,31E+06
05/02/2016 00:00;1074040,151;2,53E+06
08/02/2016 00:00;1153414,864;2,72E+06
11/02/2016 00:00;1375500,956;3,24E+06
14/02/2016 00:00;1289532,147;3,04E+06
17/02/2016 00:00;1002969,447;2,36E+06
20/02/2016 00:00;1284099,851;3,03E+06
23/02/2016 00:00;1097173,923;2,59E+06
26/02/2016 00:00;1219082,137;2,87E+06
29/02/2016 00:00;1097173,923;2,59E+06
03/03/2016 00:00;1080919,495;2,55E+06
06/03/2016 00:00;1094688,803;2,58E+06
09/03/2016 00:00;1299450,738;3,06E+06
12/03/2016 00:00;1141941,557;2,69E+06
15/03/2016 00:00;1197069,77;2,82E+06
18/03/2016 00:00;1135311,137;2,68E+06
21/03/2016 00:00;1036588,429;2,44E+06
24/03/2016 00:00;1242260,737;2,93E+06
27/03/2016 00:00;1258714,521;2,97E+06
30/03/2016 00:00;1308075,875;3,08E+06
02/04/2016 00:00;1244135,057;2,93E+06
05/04/2016 00:00;1235840,823;2,91E+06
08/04/2016 00:00;1169486,954;2,76E+06
11/04/2016 00:00;1252429,291;2,95E+06
14/04/2016 00:00;1465554,23;3,45E+06
17/04/2016 00:00;1358968,468;3,20E+06
20/04/2016 00:00;1465554,23;3,45E+06
23/04/2016 00:00;1279029,147;3,01E+06
26/04/2016 00:00;1341204,175;3,16E+06
29/04/2016 00:00;1403229,58;3,31E+06
02/05/2016 00:00;1394348,38;3,29E+06
05/05/2016 00:00;1385467,181;3,27E+06
08/05/2016 00:00;1447635,58;3,41E+06
11/05/2016 00:00;1284309,113;3,03E+06
14/05/2016 00:00;1390530,167;3,28E+06
17/05/2016 00:00;1361560,789;3,21E+06
20/05/2016 00:00;1438812,464;3,39E+06
23/05/2016 00:00;1747819,168;4,12E+06
26/05/2016 00:00;1357376,357;3,20E+06
29/05/2016 00:00;1456454,923;3,43E+06
01/06/2016 00:00;1426731,353;3,36E+06
04/06/2016 00:00;1179034,937;2,78E+06
07/06/2016 00:00;1406915,64;3,32E+06
10/06/2016 00:00;1403462,34;3,31E+06
13/06/2016 00:00;1569148,866;3,70E+06
16/06/2016 00:00;1452193,671;3,42E+06
19/06/2016 00:00;1725089,126;4,07E+06
22/06/2016 00:00;1343144,516;3,17E+06
25/06/2016 00:00;1728387,516;4,07E+06
28/06/2016 00:00;1551383,975;3,66E+06
01/07/2016 00:00;1634679,759;3,85E+06
04/07/2016 00:00;1601825,836;3,78E+06
07/07/2016 00:00;1463920,3;3,45E+06
10/07/2016 00:00;1654866,426;3,90E+06
13/07/2016 00:00;1379055,355;3,25E+06
16/07/2016 00:00;1665474,544;3,93E+06
19/07/2016 00:00;1358434,534;3,20E+06
22/07/2016 00:00;1369047,303;3,23E+06
25/07/2016 00:00;1400885,613;3,30E+06
28/07/2016 00:00;1453949,462;3,43E+06
31/07/2016 00:00;1634366,548;3,85E+06
03/08/2016 00:00;1686075,879;3,97E+06
06/08/2016 00:00;1676039,713;3,95E+06
09/08/2016 00:00;1254520,743;2,96E+06
12/08/2016 00:00;1495388,726;3,52E+06
15/08/2016 00:00;1577645,903;3,72E+06
18/08/2016 00:00;1664092,254;3,92E+06
21/08/2016 00:00;1761344,399;4,15E+06
24/08/2016 00:00;1653286,46;3,90E+06
27/08/2016 00:00;1556034,316;3,67E+06
30/08/2016 00:00;1810682,895;4,27E+06
02/09/2016 00:00;1678996,866;3,96E+06
05/09/2016 00:00;1536337,002;3,62E+06
08/09/2016 00:00;1580232,344;3,72E+06
11/09/2016 00:00;1799709,059;4,24E+06
14/09/2016 00:00;1751289,223;4,13E+06
17/09/2016 00:00;1829872,714;4,31E+06
20/09/2016 00:00;1717610,584;4,05E+06
23/09/2016 00:00;1526764,964;3,60E+06
26/09/2016 00:00;1834694,782;4,32E+06
29/09/2016 00:00;1714780,091;4,04E+06
02/10/2016 00:00;1690797,152;3,99E+06
05/10/2016 00:00;2002575,351;4,72E+06
08/10/2016 00:00;2171858,804;5,12E+06
11/10/2016 00:00;1786321,738;4,21E+06
14/10/2016 00:00;1747768,032;4,12E+06
17/10/2016 00:00;1606404,441;3,79E+06
20/10/2016 00:00;1722065,561;4,06E+06
23/10/2016 00:00;1815470,125;4,28E+06
26/10/2016 00:00;1752432,968;4,13E+06
29/10/2016 00:00;1878507,282;4,43E+06
01/11/2016 00:00;1815470,125;4,28E+06
04/11/2016 00:00;1462462,045;3,45E+06
07/11/2016 00:00;1847956,772;4,36E+06
10/11/2016 00:00;2126416,012;5,01E+06
13/11/2016 00:00;1809985,057;4,27E+06
16/11/2016 00:00;2177044,964;5,13E+06
19/11/2016 00:00;1989192,74;4,69E+06
22/11/2016 00:00;1877125,543;4,42E+06
25/11/2016 00:00;2129276,735;5,02E+06
28/11/2016 00:00;2297377,53;5,42E+06
01/12/2016 00:00;2045226,338;4,82E+06
04/12/2016 00:00;2109770,131;4,97E+06
07/12/2016 00:00;2494660,628;5,88E+06
10/12/2016 00:00;1881686,874;4,44E+06
13/12/2016 00:00;2537426,239;5,98E+06
16/12/2016 00:00;2050571,629;4,83E+06
19/12/2016 00:00;2343510,433;5,52E+06
22/12/2016 00:00;2451435,255;5,78E+06
25/12/2016 00:00;2574777,91;6,07E+06
28/12/2016 00:00;2589949,671;6,10E+06
31/12/2016 00:00;2337271,654;5,51E+06
03/01/2017 00:00;2589949,671;6,10E+06
06/01/2017 00:00;2542572,542;5,99E+06
09/01/2017 00:00;2147763,141;5,06E+06
12/01/2017 00:00;2897297,864;6,83E+06
15/01/2017 00:00;2796813,545;6,59E+06
18/01/2017 00:00;2528855,361;5,96E+06
21/01/2017 00:00;3031276,956;7,15E+06
24/01/2017 00:00;2910612,149;6,86E+06
27/01/2017 00:00;3320832,653;7,83E+06
30/01/2017 00:00;2852009,22;6,72E+06
02/02/2017 00:00;3066886,627;7,23E+06
05/02/2017 00:00;3336807,821;7,87E+06
08/02/2017 00:00;3063987,056;7,22E+06
11/02/2017 00:00;2917083,567;6,88E+06
14/02/2017 00:00;3546669,948;8,36E+06
17/02/2017 00:00;3168918,119;7,47E+06
20/02/2017 00:00;3242870,593;7,64E+06
23/02/2017 00:00;3286693,168;7,75E+06
26/02/2017 00:00;3900209,227;9,19E+06
01/03/2017 00:00;3155225,442;7,44E+06
04/03/2017 00:00;3069265,85;7,23E+06
07/03/2017 00:00;3504460,261;8,26E+06
10/03/2017 00:00;3573175,168;8,42E+06
13/03/2017 00:00;3321220,509;7,83E+06
16/03/2017 00:00;3504460,261;8,26E+06
19/03/2017 00:00;3925474,045;9,25E+06
22/03/2017 00:00;3807236,875;8,97E+06
25/03/2017 00:00;3145108,723;7,41E+06
28/03/2017 00:00;3665352,271;8,64E+06
31/03/2017 00:00;3352999,966;7,90E+06
03/04/2017 00:00;4371318,475;1,03E+07
06/04/2017 00:00;3651044,408;8,61E+06
09/04/2017 00:00;3949088,849;9,31E+06
12/04/2017 00:00;3526859,224;8,31E+06
15/04/2017 00:00;3909321,047;9,21E+06
18/04/2017 00:00;3779873,33;8,91E+06
21/04/2017 00:00;4323553,741;1,02E+07
24/04/2017 00:00;3210303,377;7,57E+06
27/04/2017 00:00;3814281,634;8,99E+06
30/04/2017 00:00;3918071,61;9,24E+06
03/05/2017 00:00;3425069,222;8,07E+06
06/05/2017 00:00;4359179,01;1,03E+07
09/05/2017 00:00;4021861,587;9,48E+06
12/05/2017 00:00;4286790,827;1,01E+07
15/05/2017 00:00;4732171,692;1,12E+07
18/05/2017 00:00;3952755,178;9,32E+06
21/05/2017 00:00;4091936,698;9,65E+06
24/05/2017 00:00;4562009,633;1,08E+07
27/05/2017 00:00;4976737,782;1,17E+07
30/05/2017 00:00;5302595,613;1,25E+07
02/06/2017 00:00;4325022,12;1,02E+07
05/06/2017 00:00;5533581,086;1,30E+07
08/06/2017 00:00;5567322,434;1,31E+07
11/06/2017 00:00;4926236,821;1,16E+07
14/06/2017 00:00;4723788,732;1,11E+07
17/06/2017 00:00;5129905,644;1,21E+07
20/06/2017 00:00;4882255,027;1,15E+07
23/06/2017 00:00;5660585,539;1,33E+07
26/06/2017 00:00;5023769,665;1,18E+07
29/06/2017 00:00;4245439,154;1,00E+07
02/07/2017 00:00;6622798,791;1,56E+07
05/07/2017 00:00;5248920,318;1,24E+07
08/07/2017 00:00;5812562,768;1,37E+07
11/07/2017 00:00;6094383,994;1,44E+07
14/07/2017 00:00;5559049,844;1,31E+07
17/07/2017 00:00;5918988,323;1,40E+07
20/07/2017 00:00;6478892,624;1,53E+07
23/07/2017 00:00;6878824,267;1,62E+07
26/07/2017 00:00;5878995,159;1,39E+07
29/07/2017 00:00;6713613,086;1,58E+07
01/08/2017 00:00;6371518,151;1,50E+07
04/08/2017 00:00;7654374,155;1,80E+07
07/08/2017 00:00;6542565,619;1,54E+07
10/08/2017 00:00;6149818,078;1,45E+07
13/08/2017 00:00;6792336,385;1,60E+07
16/08/2017 00:00;5966241,419;1,41E+07
19/08/2017 00:00;6930018,879;1,63E+07
22/08/2017 00:00;4084580,664;9,63E+06
25/08/2017 00:00;4459277,508;1,05E+07
28/08/2017 00:00;5695512,856;1,34E+07
31/08/2017 00:00;7196655,78;1,70E+07
03/09/2017 00:00;6799294,418;1,60E+07
06/09/2017 00:00;7430760,766;1,75E+07
09/09/2017 00:00;7751843,021;1,83E+07
12/09/2017 00:00;8623352;2,03E+07
15/09/2017 00:00;8256400,851;1,95E+07
18/09/2017 00:00;6965995,452;1,64E+07
21/09/2017 00:00;9653662,988;2,28E+07
24/09/2017 00:00;7953301,894;1,87E+07
27/09/2017 00:00;8063002,609;1,90E+07
30/09/2017 00:00;7569349,388;1,78E+07
03/10/2017 00:00;10223761,09;2,41E+07
06/10/2017 00:00;8882939,962;2,09E+07
09/10/2017 00:00;8994675,056;2,12E+07
12/10/2017 00:00;8547734,68;2,01E+07
15/10/2017 00:00;11601113,07;2,73E+07
18/10/2017 00:00;8983426,015;2,12E+07
21/10/2017 00:00;9102411,79;2,15E+07
24/10/2017 00:00;9935312,215;2,34E+07
27/10/2017 00:00;7510989,944;1,77E+07
30/10/2017 00:00;10616495,4;2,50E+07
02/11/2017 00:00;10833158,57;2,55E+07
05/11/2017 00:00;10183169,06;2,40E+07
08/11/2017 00:00;10399832,23;2,45E+07
11/11/2017 00:00;5426063,163;1,28E+07
14/11/2017 00:00;8681701,061;2,05E+07
17/11/2017 00:00;11326906,85;2,67E+07
20/11/2017 00:00;11869513,17;2,80E+07
23/11/2017 00:00;10648648,96;2,51E+07
26/11/2017 00:00;10244850,06;2,41E+07
29/11/2017 00:00;11584046,14;2,73E+07
02/12/2017 00:00;10780528,49;2,54E+07
05/12/2017 00:00;11918845,17;2,81E+07
08/12/2017 00:00;12337090,77;2,91E+07
11/12/2017 00:00;13523349,5;3,19E+07
14/12/2017 00:00;14630524,31;3,45E+07
17/12/2017 00:00;14630524,31;3,45E+07
20/12/2017 00:00;12663310,64;2,98E+07
23/12/2017 00:00;12942648,37;3,05E+07
26/12/2017 00:00;13221986,11;3,12E+07
29/12/2017 00:00;15363575,41;3,62E+07
01/01/2018 00:00;14975580,96;3,53E+07
04/01/2018 00:00;16127548,73;3,80E+07
07/01/2018 00:00;15551564,84;3,67E+07
10/01/2018 00:00;15935554,1;3,76E+07
13/01/2018 00:00;16501289,11;3,89E+07
16/01/2018 00:00;17608758,18;4,15E+07
19/01/2018 00:00;18273239,62;4,31E+07
22/01/2018 00:00;18494733,44;4,36E+07
25/01/2018 00:00;20445148,56;4,82E+07
28/01/2018 00:00;20445148,56;4,82E+07
31/01/2018 00:00;15139761,91;3,57E+07
03/02/2018 00:00;20445148,56;4,82E+07
06/02/2018 00:00;24293141,32;5,73E+07
09/02/2018 00:00;19291612,22;4,55E+07
12/02/2018 00:00;23721537,99;5,59E+07
15/02/2018 00:00;18720008,9;4,41E+07
18/02/2018 00:00;23149934,67;5,46E+07
21/02/2018 00:00;25265138,83;5,96E+07
24/02/2018 00:00;21677190,12;5,11E+07
27/02/2018 00:00;23919658,06;5,64E+07
02/03/2018 00:00;23321666,61;5,50E+07
05/03/2018 00:00;24372959,73;5,75E+07
08/03/2018 00:00;26499459,57;6,25E+07
11/03/2018 00:00;25027267,37;5,90E+07
14/03/2018 00:00;23555075,18;5,55E+07
17/03/2018 00:00;24372959,73;5,75E+07
20/03/2018 00:00;21859737,32;5,15E+07
23/03/2018 00:00;22892480,81;5,40E+07
26/03/2018 00:00;25818587,38;6,09E+07
29/03/2018 00:00;26162835,21;6,17E+07
01/04/2018 00:00;28274794,22;6,66E+07
04/04/2018 00:00;25656757,72;6,05E+07
07/04/2018 00:00;31416438,02;7,41E+07
10/04/2018 00:00;28623865,75;6,75E+07
13/04/2018 00:00;28798401,52;6,79E+07
16/04/2018 00:00;26910340,43;6,34E+07
19/04/2018 00:00;33971919,13;8,01E+07
22/04/2018 00:00;30536556,52;7,20E+07
25/04/2018 00:00;23474977,82;5,53E+07
28/04/2018 00:00;25592018,83;6,03E+07
01/05/2018 00:00;31590148,24;7,45E+07
04/05/2018 00:00;27591395,3;6,50E+07
07/05/2018 00:00;29990647,07;7,07E+07
10/05/2018 00:00;30790397,65;7,26E+07
13/05/2018 00:00;30487010,81;7,19E+07
16/05/2018 00:00;36872803,62;8,69E+07
19/05/2018 00:00;31722970,71;7,48E+07
22/05/2018 00:00;31104990,76;7,33E+07
25/05/2018 00:00;37681533,93;8,88E+07
28/05/2018 00:00;33399541,44;7,87E+07
31/05/2018 00:00;36396936,18;8,58E+07
03/06/2018 00:00;34898238,81;8,23E+07
06/06/2018 00:00;36103754,49;8,51E+07
09/06/2018 00:00;35121339,4;8,28E+07
12/06/2018 00:00;35612546,94;8,39E+07
15/06/2018 00:00;37577377,12;8,86E+07
18/06/2018 00:00;40279018,61;9,49E+07
21/06/2018 00:00;42908653,83;1,01E+08
24/06/2018 00:00;43161057,68;1,02E+08
27/06/2018 00:00;30540865,37;7,20E+07
30/06/2018 00:00;35588942,3;8,39E+07
03/07/2018 00:00;30929068,69;7,29E+07
06/07/2018 00:00;42660784,4;1,01E+08
09/07/2018 00:00;36261666,74;8,55E+07
12/07/2018 00:00;37594816,26;8,86E+07
15/07/2018 00:00;35461777,04;8,36E+07
18/07/2018 00:00;44793365,52;1,06E+08
21/07/2018 00:00;35268339,52;8,31E+07
24/07/2018 00:00;40931868,49;9,65E+07
27/07/2018 00:00;42991333,57;1,01E+08
30/07/2018 00:00;39630250,21;9,34E+07
02/08/2018 00:00;45249464,79;1,07E+08
05/08/2018 00:00;47319701,74;1,12E+08
08/08/2018 00:00;46432457,33;1,09E+08
11/08/2018 00:00;53994493,05;1,27E+08
14/08/2018 00:00;43195594,44;1,02E+08
17/08/2018 00:00;48277429,08;1,14E+08
20/08/2018 00:00;47642199,75;1,12E+08
23/08/2018 00:00;47324585,09;1,12E+08
26/08/2018 00:00;57853309,21;1,36E+08
29/08/2018 00:00;46483294,68;1,10E+08
01/09/2018 00:00;50496240,99;1,19E+08
04/09/2018 00:00;42135936,19;9,93E+07
07/09/2018 00:00;53036795,53;1,25E+08
10/09/2018 00:00;47105048,66;1,11E+08
13/09/2018 00:00;51641090,38;1,22E+08
16/09/2018 00:00;48500753,8;1,14E+08
19/09/2018 00:00;54432500,67;1,28E+08
22/09/2018 00:00;55111696,54;1,30E+08
25/09/2018 00:00;60089527,19;1,42E+08
28/09/2018 00:00;54756137,2;1,29E+08
01/10/2018 00:00;56178374,53;1,32E+08
04/10/2018 00:00;55588275,24;1,31E+08
07/10/2018 00:00;52623567,23;1,24E+08
10/10/2018 00:00;53364744,23;1,26E+08
13/10/2018 00:00;52252978,72;1,23E+08
16/10/2018 00:00;50029447,71;1,18E+08
19/10/2018 00:00;50702736,58;1,20E+08
22/10/2018 00:00;55344536,41;1,30E+08
25/10/2018 00:00;48917428,96;1,15E+08
28/10/2018 00:00;49988613,53;1,18E+08
31/10/2018 00:00;58201028,61;1,37E+08
03/11/2018 00:00;57499331,8;1,36E+08
06/11/2018 00:00;45713754,47;1,08E+08
09/11/2018 00:00;45356615,77;1,07E+08
12/11/2018 00:00;49999418,96;1,18E+08
15/11/2018 00:00;45356615,77;1,07E+08
18/11/2018 00:00;40680711,65;9,59E+07
21/11/2018 00:00;34727436,77;8,19E+07
24/11/2018 00:00;47295461,51;1,11E+08
27/11/2018 00:00;43326611,59;1,02E+08
30/11/2018 00:00;33404486,8;7,87E+07
03/12/2018 00:00;31998005,4;7,54E+07
06/12/2018 00:00;37892374,82;8,93E+07
09/12/2018 00:00;35927585,01;8,47E+07
12/12/2018 00:00;33682110,95;7,94E+07
15/12/2018 00:00;41821954,43;9,86E+07
18/12/2018 00:00;32491732,53;7,66E+07
21/12/2018 00:00;35537832,46;8,38E+07
24/12/2018 00:00;38583932,39;9,09E+07
27/12/2018 00:00;44168448,91;1,04E+08
30/12/2018 00:00;44676132,24;1,05E+08
02/01/2019 00:00;42174589,1;9,94E+07
05/01/2019 00:00;45526212,08;1,07E+08
08/01/2019 00:00;47202023,57;1,11E+08
11/01/2019 00:00;41336683,36;9,74E+07
14/01/2019 00:00;43581703,06;1,03E+08
17/01/2019 00:00;37146820,73;8,76E+07
20/01/2019 00:00;45921660,27;1,08E+08
23/01/2019 00:00;42704219,1;1,01E+08
26/01/2019 00:00;43874197,71;1,03E+08
29/01/2019 00:00;42201068,25;9,95E+07
01/02/2019 00:00;45669649,2;1,08E+08
04/02/2019 00:00;42490116,66;1,00E+08
07/02/2019 00:00;50294423,8;1,19E+08
10/02/2019 00:00;42184762,96;9,94E+07
13/02/2019 00:00;46101919,52;1,09E+08
16/02/2019 00:00;45197960,32;1,07E+08
19/02/2019 00:00;47005878,73;1,11E+08
22/02/2019 00:00;48813797,14;1,15E+08
25/02/2019 00:00;43162133,91;1,02E+08
28/02/2019 00:00;45274965,64;1,07E+08
03/03/2019 00:00;44067633,23;1,04E+08
06/03/2019 00:00;38634637,35;9,11E+07
09/03/2019 00:00;41652968,39;9,82E+07
12/03/2019 00:00;43141131,59;1,02E+08
15/03/2019 00:00;46157993,94;1,09E+08
18/03/2019 00:00;48571483,82;1,14E+08
21/03/2019 00:00;43141131,59;1,02E+08
24/03/2019 00:00;47567250,84;1,12E+08
27/03/2019 00:00;47250135,84;1,11E+08
30/03/2019 00:00;44078985,78;1,04E+08
02/04/2019 00:00;49787055,88;1,17E+08
05/04/2019 00:00;50104170,89;1,18E+08
08/04/2019 00:00;47034242,04;1,11E+08
11/04/2019 00:00;49894432,44;1,18E+08
14/04/2019 00:00;38771469,79;9,14E+07
17/04/2019 00:00;43856252,72;1,03E+08
20/04/2019 00:00;41631660,19;9,81E+07
23/04/2019 00:00;36634060,02;8,64E+07
26/04/2019 00:00;47687440,2;1,12E+08
29/04/2019 00:00;51477170,55;1,21E+08
02/05/2019 00:00;58109198,65;1,37E+08
05/05/2019 00:00;42978500,7;1,01E+08
08/05/2019 00:00;50641334,15;1,19E+08
11/05/2019 00:00;43311667,37;1,02E+08
14/05/2019 00:00;50641334,15;1,19E+08
17/05/2019 00:00;50308167,48;1,19E+08
20/05/2019 00:00;53659544,83;1,26E+08
23/05/2019 00:00;52659677,53;1,24E+08
26/05/2019 00:00;54992701,22;1,30E+08
29/05/2019 00:00;57992303,11;1,37E+08
01/06/2019 00:00;55994233,74;1,32E+08
04/06/2019 00:00;57106701,96;1,35E+08
07/06/2019 00:00;58589992,92;1,38E+08
10/06/2019 00:00;58219170,18;1,37E+08
13/06/2019 00:00;55994233,74;1,32E+08
16/06/2019 00:00;47882020,48;1,13E+08
19/06/2019 00:00;65193212,5;1,54E+08
22/06/2019 00:00;51933576,06;1,22E+08
25/06/2019 00:00;53775192,23;1,27E+08
28/06/2019 00:00;64293187,57;1,52E+08
01/07/2019 00:00;56404452,9;1,33E+08
04/07/2019 00:00;65870934,51;1,55E+08
07/07/2019 00:00;60348820,24;1,42E+08
10/07/2019 00:00;58125055,93;1,37E+08
13/07/2019 00:00;63532037,88;1,50E+08
16/07/2019 00:00;72994256,29;1,72E+08
19/07/2019 00:00;53168655,82;1,25E+08
22/07/2019 00:00;71191928,97;1,68E+08
25/07/2019 00:00;67211666,92;1,58E+08
28/07/2019 00:00;78413611,41;1,85E+08
31/07/2019 00:00;76621300,29;1,81E+08
03/08/2019 00:00;77517455,85;1,83E+08
06/08/2019 00:00;79916269,03;1,88E+08
09/08/2019 00:00;72967028,25;1,72E+08
12/08/2019 00:00;66017787,46;1,56E+08
15/08/2019 00:00;77930771,67;1,84E+08
18/08/2019 00:00;63784218,43;1,50E+08
21/08/2019 00:00;68846457,98;1,62E+08
24/08/2019 00:00;80995832,92;1,91E+08
27/08/2019 00:00;68340234,03;1,61E+08
30/08/2019 00:00;80995832,92;1,91E+08
02/09/2019 00:00;79786349,93;1,88E+08
05/09/2019 00:00;88354011,67;2,08E+08
08/09/2019 00:00;94779757,97;2,23E+08
11/09/2019 00:00;98528109,98;2,32E+08
14/09/2019 00:00;91618125,63;2,16E+08
17/09/2019 00:00;87480532,86;2,06E+08
20/09/2019 00:00;89253786,9;2,10E+08
23/09/2019 00:00;67383653,69;1,59E+08
26/09/2019 00:00;108464284,8;2,56E+08
29/09/2019 00:00;86263992,57;2,03E+08
02/10/2019 00:00;93875521,33;2,21E+08
05/10/2019 00:00;100218462;2,36E+08
08/10/2019 00:00;102755638,2;2,42E+08
11/10/2019 00:00;100875176,1;2,38E+08
14/10/2019 00:00;87295825,46;2,06E+08
17/10/2019 00:00;96995361,62;2,29E+08
20/10/2019 00:00;94408818,64;2,23E+08
23/10/2019 00:00;114342003,6;2,70E+08
26/10/2019 00:00;95285003,01;2,25E+08
29/10/2019 00:00;90520752,86;2,13E+08
01/11/2019 00:00;88478931,37;2,09E+08
04/11/2019 00:00;89840145,69;2,12E+08
07/11/2019 00:00;85362510,36;2,01E+08
10/11/2019 00:00;104964272;2,47E+08
13/11/2019 00:00;85362510,36;2,01E+08
16/11/2019 00:00;93582603,95;2,21E+08
19/11/2019 00:00;92950289,06;2,19E+08
22/11/2019 00:00;85127203,65;2,01E+08
25/11/2019 00:00;80612882,25;1,90E+08
28/11/2019 00:00;105119198,5;2,48E+08
01/12/2019 00:00;89641525,06;2,11E+08
04/12/2019 00:00;107698810,7;2,54E+08
