date;;;
03/01/2009 00:00;;0,000000117;0,000000117
06/01/2009 00:00;0,0000171;0;0,0000171
09/01/2009 00:00;0,0001806;0,00000164;0,00018224
12/01/2009 00:00;0,001323745;0,0000104;0,001334145
15/01/2009 00:00;0,001972664;0,0000149;0,001987564
18/01/2009 00:00;0,00130866;0,0000118;0,00132046
21/01/2009 00:00;0,001570025;0,0000132;0,001583225
24/01/2009 00:00;0,002722166;0,0000233;0,002745466
27/01/2009 00:00;0,001527903;0,0000121;0,001540003
30/01/2009 00:00;0,001665935;0,0000142;0,001680135
02/02/2009 00:00;0,00164466;0,0000149;0,00165956
05/02/2009 00:00;0,00156612;0,0000142;0,00158032
08/02/2009 00:00;0,001761992;0,0000157;0,001777692
11/02/2009 00:00;0,001783572;0,0000153;0,001798872
14/02/2009 00:00;0,00182622;0,0000165;0,00184272
17/02/2009 00:00;0,001750147;0,0000138;0,001763947
20/02/2009 00:00;0,001783707;0,000015;0,001798707
23/02/2009 00:00;0,00138636;0,0000125;0,00139886
26/02/2009 00:00;0,00124404;0,0000112;0,00125524
01/03/2009 00:00;0,001437717;0,0000124;0,001450117
04/03/2009 00:00;0,00137196;0,0000124;0,00138436
07/03/2009 00:00;0,00143838;0,000013;0,00145138
10/03/2009 00:00;0,0013596;0,0000123;0,0013719
13/03/2009 00:00;0,001582037;0,0000134;0,001595437
16/03/2009 00:00;0,002030782;0,0000152;0,002045982
19/03/2009 00:00;0,001709066;0,0000143;0,001723366
22/03/2009 00:00;0,001338539;0,0000111;0,001349639
25/03/2009 00:00;0,00150192;0,0000136;0,00151552
28/03/2009 00:00;0,001729181;0,0000139;0,001743081
31/03/2009 00:00;0,001700497;0,0000132;0,001713697
03/04/2009 00:00;0,00146418;0,0000132;0,00147738
06/04/2009 00:00;0,00163975;0,0000135;0,00165325
09/04/2009 00:00;0,00128238;0,0000116;0,00129398
12/04/2009 00:00;0,00148986;0,0000135;0,00150336
15/04/2009 00:00;0,00144972;0,0000131;0,00146282
18/04/2009 00:00;0,001656885;0,0000143;0,001671185
21/04/2009 00:00;0,002122378;0,0000144;0,002136778
24/04/2009 00:00;0,0014634;0,0000132;0,0014766
27/04/2009 00:00;0,00136038;0,0000123;0,00137268
30/04/2009 00:00;0,001863693;0,0000155;0,001879193
03/05/2009 00:00;0,001593476;0,0000134;0,001606876
06/05/2009 00:00;0,001859857;0,0000161;0,001875957
09/05/2009 00:00;0,00117708;0,0000107;0,00118778
12/05/2009 00:00;0,0016455;0,0000149;0,0016604
15/05/2009 00:00;0,001905908;0,0000168;0,001922708
18/05/2009 00:00;0,00160656;0,0000145;0,00162106
21/05/2009 00:00;0,00115308;0,0000104;0,00116348
24/05/2009 00:00;0,00124356;0,0000112;0,00125476
27/05/2009 00:00;0,00161778;0,0000146;0,00163238
30/05/2009 00:00;0,0013329;0,0000121;0,001345
02/06/2009 00:00;0,0011529;0,0000104;0,0011633
05/06/2009 00:00;0,00073836;0,00000668;0,00074504
08/06/2009 00:00;0,00093234;0,00000844;0,00094078
11/06/2009 00:00;0,00120498;0,0000109;0,00121588
14/06/2009 00:00;0,00090606;0,0000082;0,00091426
17/06/2009 00:00;0,00099594;0,00000902;0,00100496
20/06/2009 00:00;0,00108732;0,00000984;0,00109716
23/06/2009 00:00;0,00098382;0,00000891;0,00099273
26/06/2009 00:00;0,001305526;0,0000104;0,001315926
29/06/2009 00:00;0,000984;0,00000891;0,00099291
02/07/2009 00:00;0,00093186;0,00000844;0,0009403
05/07/2009 00:00;0,00103656;0,00000937;0,00104593
08/07/2009 00:00;0,0010236;0,00000926;0,00103286
11/07/2009 00:00;0,0010884;0,00000984;0,00109824
14/07/2009 00:00;0,00093288;0,00000844;0,00094132
17/07/2009 00:00;0,0008415;0,00000762;0,00084912
20/07/2009 00:00;0,00097128;0,00000879;0,00098007
23/07/2009 00:00;0,00085362;0,00000773;0,00086135
26/07/2009 00:00;0,00016818;0,00000152;0,0001697
29/07/2009 00:00;0,00041424;0,00000375;0,00041799
01/08/2009 00:00;0,00029766;0,0000027;0,00030036
04/08/2009 00:00;0,00075024;0,0000068;0,00075704
07/08/2009 00:00;0,0009588;0,00000867;0,00096747
10/08/2009 00:00;0,00106272;0,00000961;0,00107233
13/08/2009 00:00;0,0010482;0,00000949;0,00105769
16/08/2009 00:00;0,00032322;0,00000293;0,00032615
19/08/2009 00:00;0,00019392;0,00000176;0,00019568
22/08/2009 00:00;0,0001032;0,000000937;0,000104137
25/08/2009 00:00;0,00071124;0,00000644;0,00071768
28/08/2009 00:00;0,0008283;0,0000075;0,0008358
31/08/2009 00:00;0,001274374;0,000011;0,001285374
03/09/2009 00:00;0,0008906;0,00000703;0,00089763
06/09/2009 00:00;0,00093234;0,00000844;0,00094078
09/09/2009 00:00;0,00075096;0,0000068;0,00075776
12/09/2009 00:00;0,00091938;0,00000832;0,0009277
15/09/2009 00:00;0,00072528;0,00000656;0,00073184
18/09/2009 00:00;0,00104868;0,00000949;0,00105817
21/09/2009 00:00;0,00095886;0,00000867;0,00096753
24/09/2009 00:00;0,00106062;0,00000961;0,00107023
27/09/2009 00:00;0,001278708;0,0000104;0,001289108
30/09/2009 00:00;0,00112656;0,0000102;0,00113676
03/10/2009 00:00;0,00074976;0,0000068;0,00075656
06/10/2009 00:00;0,000674072;0,0000048;0,000678872
09/10/2009 00:00;0,00100902;0,00000914;0,00101816
12/10/2009 00:00;0,001341229;0,00000726;0,001348489
15/10/2009 00:00;0,00109824;0,00000996;0,0011082
18/10/2009 00:00;0,000892552;0,0000075;0,000900052
21/10/2009 00:00;0,00179254;0,00000973;0,00180227
24/10/2009 00:00;0,00096984;0,00000879;0,00097863
27/10/2009 00:00;0,000984656;0,00000773;0,000992386
30/10/2009 00:00;0,001020134;0,00000715;0,001027284
02/11/2009 00:00;0,00042624;0,00000387;0,00043011
05/11/2009 00:00;0,001142395;0,0000075;0,001149895
08/11/2009 00:00;0,0009054;0,0000082;0,0009136
11/11/2009 00:00;0,001511979;0,00000809;0,001520069
14/11/2009 00:00;0,00107388;0,00000973;0,00108361
17/11/2009 00:00;0,00117762;0,0000107;0,00118832
20/11/2009 00:00;0,001773834;0,00000961;0,001783444
23/11/2009 00:00;0,00124344;0,0000112;0,00125464
26/11/2009 00:00;0,00100866;0,00000914;0,0010178
29/11/2009 00:00;0,00075042;0,0000068;0,00075722
02/12/2009 00:00;0,002466676;0,0000115;0,002478176
05/12/2009 00:00;0,00067146;0,00000609;0,00067755
08/12/2009 00:00;0,001780469;0,0000139;0,001794369
11/12/2009 00:00;0,00161538;0,0000146;0,00162998
14/12/2009 00:00;0,003868994;0,0000127;0,003881694
17/12/2009 00:00;0,002191753;0,0000189;0,002210653
20/12/2009 00:00;0,00226746;0,0000205;0,00228796
23/12/2009 00:00;0,00218658;0,0000198;0,00220638
26/12/2009 00:00;0,00205788;0,0000186;0,00207648
29/12/2009 00:00;0,00212208;0,0000192;0,00214128
01/01/2010 00:00;0,00153924;0,0000165;0,00155574
04/01/2010 00:00;0,003070808;0,0000263;0,003097108
07/01/2010 00:00;0,00205692;0,000022;0,00207892
10/01/2010 00:00;0,0024732;0,0000265;0,0024997
13/01/2010 00:00;0,002098451;0,0000242;0,002122651
16/01/2010 00:00;0,001783693;0,0000205;0,001804193
19/01/2010 00:00;0,001564276;0,0000182;0,001582476
22/01/2010 00:00;0,00199953;0,0000229;0,00202243
25/01/2010 00:00;0,003138467;0,000032;0,003170467
28/01/2010 00:00;0,002541847;0,0000272;0,002569047
31/01/2010 00:00;0,002939409;0,0000324;0,002971809
03/02/2010 00:00;0,003376213;0,0000383;0,003414513
06/02/2010 00:00;0,002784888;0,0000407;0,002825588
09/02/2010 00:00;0,002762727;0,0000445;0,002807227
12/02/2010 00:00;0,003125238;0,0000398;0,003165038
15/02/2010 00:00;0,00301369;0,0000548;0,00306849
18/02/2010 00:00;0,003396869;0,0000678;0,003464669
21/02/2010 00:00;0,003059314;0,0000634;0,003122714
24/02/2010 00:00;0,00331304;0,0000842;0,00339724
27/02/2010 00:00;0,002359275;0,0000766;0,002435875
02/03/2010 00:00;0,003035582;0,0000868;0,003122382
05/03/2010 00:00;0,004975537;0,0000775;0,005053037
08/03/2010 00:00;0,003131133;0,0000722;0,003203333
11/03/2010 00:00;0,00266555;0,0000775;0,00274305
14/03/2010 00:00;0,001729862;0,0000664;0,001796262
17/03/2010 00:00;0,001974881;0,0000653;0,002040181
20/03/2010 00:00;0,00325856;0,000102;0,00336056
23/03/2010 00:00;0,003337765;0,00011;0,003447765
26/03/2010 00:00;0,003207583;0,000104;0,003311583
29/03/2010 00:00;0,003220358;0,000103;0,003323358
01/04/2010 00:00;0,00277508;0,000135;0,00291008
04/04/2010 00:00;0,00261741;0,000118;0,00273541
07/04/2010 00:00;0,003511321;0,000138;0,003649321
10/04/2010 00:00;0,007610705;0,000171;0,007781705
13/04/2010 00:00;0,000604324;0,000151;0,000755324
16/04/2010 00:00;0,004482096;0,000185;0,004667096
19/04/2010 00:00;0,387932795;0,000199;0,388131795
22/04/2010 00:00;0,004005376;0,000238;0,004243376
25/04/2010 00:00;0,003969746;0,000227;0,004196746
28/04/2010 00:00;0,004296555;0,000235;0,004531555
01/05/2010 00:00;0,003008681;0,000219;0,003227681
04/05/2010 00:00;0,00293307;0,000196;0,00312907
07/05/2010 00:00;0,004570119;0,000197;0,004767119
10/05/2010 00:00;0,003016952;0,000206;0,003222952
13/05/2010 00:00;0,003681522;0,000196;0,003877522
16/05/2010 00:00;0,002060723;0,000145;0,002205723
19/05/2010 00:00;0,004744796;0,000244;0,004988796
22/05/2010 00:00;0,004204466;0,000267;0,004471466
25/05/2010 00:00;0,004894967;0,000298;0,005192967
28/05/2010 00:00;0,004464778;0,000304;0,004768778
31/05/2010 00:00;0,00357026;0,000296;0,00386626
03/06/2010 00:00;0,005168958;0,000306;0,005474958
06/06/2010 00:00;0,003984991;0,000294;0,004278991
09/06/2010 00:00;0,003561953;0,000315;0,003876953
12/06/2010 00:00;0,005649472;0,000279;0,005928472
15/06/2010 00:00;0,006629613;0,000399;0,007028613
18/06/2010 00:00;0,00317303;0,000301;0,00347403
21/06/2010 00:00;0,005404398;0,00033;0,005734398
24/06/2010 00:00;0,005274617;0,000414;0,005688617
27/06/2010 00:00;0,004201911;0,000362;0,004563911
30/06/2010 00:00;0,011009038;0,000418;0,011427038
03/07/2010 00:00;0,010554174;0,000455;0,011009174
06/07/2010 00:00;0,00449824;0,000463;0,00496124
09/07/2010 00:00;0,000548543;0,00052;0,001068543
12/07/2010 00:00;0,049414495;0,00141;0,050824495
15/07/2010 00:00;0,036410658;0,00332;0,039730658
18/07/2010 00:00;0,009142762;0,00381;0,012952762
21/07/2010 00:00;0,018450878;0,0043;0,022750878
24/07/2010 00:00;0,000660394;0,00394;0,004600394
27/07/2010 00:00;0,036486694;0,00501;0,041496694
30/07/2010 00:00;0,016004298;0,00521;0,021214298
02/08/2010 00:00;0,00535048;0,00727;0,01262048
05/08/2010 00:00;0,032131513;0,00698;0,039111513
08/08/2010 00:00;0,004718172;0,00792;0,012638172
11/08/2010 00:00;0,006164102;0,00895;0,015114102
14/08/2010 00:00;0,005548795;0,0108;0,016348795
17/08/2010 00:00;0,020246664;0,00786;0,028106664
20/08/2010 00:00;0,015490827;0,01;0,025490827
23/08/2010 00:00;0,011549643;0,013;0,024549643
26/08/2010 00:00;0,005600776;0,0125;0,018100776
29/08/2010 00:00;0,007950644;0,0115;0,019450644
01/09/2010 00:00;0,020374454;0,0129;0,033274454
04/09/2010 00:00;0,003806596;0,0131;0,016906596
07/09/2010 00:00;0,008379715;0,011;0,019379715
10/09/2010 00:00;0,007093071;0,0143;0,021393071
13/09/2010 00:00;0,022103126;0,0137;0,035803126
16/09/2010 00:00;0,0041728;0,0159;0,0200728
19/09/2010 00:00;0,004921166;0,0226;0,027521166
22/09/2010 00:00;0,036994578;0,0186;0,055594578
25/09/2010 00:00;0,008589072;0,0217;0,030289072
28/09/2010 00:00;0,007800154;0,0232;0,031000154
01/10/2010 00:00;0,018107163;0,0241;0,042207163
04/10/2010 00:00;0,011158886;0,0238;0,034958886
07/10/2010 00:00;0,007625123;0,0267;0,034325123
10/10/2010 00:00;0,015750315;0,0266;0,042350315
13/10/2010 00:00;0,014171396;0,0273;0,041471396
16/10/2010 00:00;0,007360147;0,0386;0,045960147
19/10/2010 00:00;0,036493232;0,0392;0,075693232
22/10/2010 00:00;0,015181456;0,0385;0,053681456
25/10/2010 00:00;0,018233751;0,0529;0,071133751
28/10/2010 00:00;0,021328605;0,0541;0,075428605
31/10/2010 00:00;0,008918352;0,0659;0,074818352
03/11/2010 00:00;0,009544424;0,0728;0,082344424
06/11/2010 00:00;0,014300487;0,0732;0,087500487
09/11/2010 00:00;0,015281972;0,128;0,143281972
12/11/2010 00:00;0,007793628;0,0909;0,098693628
15/11/2010 00:00;0,003271298;0,117;0,120271298
18/11/2010 00:00;0,005926377;0,14;0,145926377
21/11/2010 00:00;1,564978679;0,109;1,673978679
24/11/2010 00:00;0,299553329;0,149;0,448553329
27/11/2010 00:00;0,013662646;0,147;0,160662646
30/11/2010 00:00;0,01810016;0,199;0,21710016
03/12/2010 00:00;0,008434812;0,182;0,190434812
06/12/2010 00:00;0,006620014;0,227;0,233620014
09/12/2010 00:00;0,004846262;0,237;0,241846262
12/12/2010 00:00;0,015647013;0,25;0,265647013
15/12/2010 00:00;0,007055499;0,257;0,264055499
18/12/2010 00:00;0,010061589;0,227;0,237061589
21/12/2010 00:00;0,008255448;0,283;0,291255448
24/12/2010 00:00;0,012872214;0,255;0,267872214
27/12/2010 00:00;0,009660838;0,273;0,282660838
30/12/2010 00:00;0,00454782;0,272;0,27654782
02/01/2011 00:00;0,005835581;0,305;0,310835581
05/01/2011 00:00;0,019953663;0,287;0,306953663
08/01/2011 00:00;0,027362153;0,367;0,394362153
11/01/2011 00:00;0,034680975;0,31;0,344680975
14/01/2011 00:00;0,03375376;0,332;0,36575376
17/01/2011 00:00;0,00835242;0,374;0,38235242
20/01/2011 00:00;0,012447371;0,363;0,375447371
23/01/2011 00:00;0,024642329;0,367;0,391642329
26/01/2011 00:00;0,007244599;0,421;0,428244599
29/01/2011 00:00;0,04539799;0,387;0,43239799
01/02/2011 00:00;0,03289988;0,462;0,49489988
04/02/2011 00:00;0,016811576;0,49;0,506811576
07/02/2011 00:00;0,007374138;0,531;0,538374138
10/02/2011 00:00;0,037859837;0,576;0,613859837
13/02/2011 00:00;0,032442451;0,621;0,653442451
16/02/2011 00:00;0,031116973;0,704;0,735116973
19/02/2011 00:00;0,040607476;0,752;0,792607476
22/02/2011 00:00;0,048702755;0,906;0,954702755
25/02/2011 00:00;0,021905289;0,948;0,969905289
28/02/2011 00:00;0,05829001;1,09;1,14829001
03/03/2011 00:00;0,067808101;1,19;1,257808101
06/03/2011 00:00;0,021737475;1,76;1,781737475
09/03/2011 00:00;0,016770484;1,41;1,426770484
12/03/2011 00:00;0,043006923;1,22;1,263006923
15/03/2011 00:00;0,061446104;0,866;0,927446104
18/03/2011 00:00;0,033672995;1,23;1,263672995
21/03/2011 00:00;0,301078211;1,38;1,681078211
24/03/2011 00:00;0,036954409;1,36;1,396954409
27/03/2011 00:00;0,096053923;1,24;1,336053923
30/03/2011 00:00;0,031674427;1,26;1,291674427
02/04/2011 00:00;0,035493661;1,53;1,565493661
05/04/2011 00:00;0,061537607;1,63;1,691537607
08/04/2011 00:00;0,035573535;1,51;1,545573535
11/04/2011 00:00;0,050795027;1,49;1,540795027
14/04/2011 00:00;0,044932534;1,57;1,614932534
17/04/2011 00:00;0,051124599;1,72;1,771124599
20/04/2011 00:00;0,140797502;1,56;1,700797502
23/04/2011 00:00;0,02793164;1,84;1,86793164
26/04/2011 00:00;0,038498215;2,09;2,128498215
29/04/2011 00:00;0,091433203;2,19;2,281433203
02/05/2011 00:00;0,056194461;2,29;2,346194461
05/05/2011 00:00;0,081297282;2,93;3,011297282
08/05/2011 00:00;0,040943957;2,65;2,690943957
11/05/2011 00:00;0,088547669;3,45;3,538547669
14/05/2011 00:00;0,06832904;4,57;4,63832904
17/05/2011 00:00;0,090271636;4,8;4,890271636
20/05/2011 00:00;0,124342564;6,41;6,534342564
23/05/2011 00:00;0,091952828;7,92;8,011952828
26/05/2011 00:00;0,090621292;9,1;9,190621292
29/05/2011 00:00;0,077192817;8,82;8,897192817
01/06/2011 00:00;0,129985758;9,07;9,199985758
04/06/2011 00:00;0,163389472;1,10E+01;11,16338947
07/06/2011 00:00;0,234294232;11,2;11,43429423
10/06/2011 00:00;0,276612307;1,50E+01;15,27661231
13/06/2011 00:00;0,269111563;16,3;16,56911156
16/06/2011 00:00;0,453900183;20,7;21,15390018
19/06/2011 00:00;0,333237923;22,5;22,83323792
22/06/2011 00:00;0,162873688;27,7;27,86287369
25/06/2011 00:00;0,283318499;24,4;24,6833185
28/06/2011 00:00;0,401571608;24,7;25,10157161
01/07/2011 00:00;0,18365094;29,1;29,28365094
04/07/2011 00:00;0,256650768;26,5;26,75665077
07/07/2011 00:00;0,287696795;24,9;25,1876968
10/07/2011 00:00;0,240628069;26,4;26,64062807
13/07/2011 00:00;0,230863349;33,5;33,73086335
16/07/2011 00:00;0,179186113;29,1;29,27918611
19/07/2011 00:00;0,363134365;3,00E+01;30,36313437
22/07/2011 00:00;0,27241893;28,3;28,57241893
25/07/2011 00:00;0,355120765;31,1;31,45512077
28/07/2011 00:00;0,175143846;33,1;33,27514385
31/07/2011 00:00;0,162201194;33,3;33,46220119
03/08/2011 00:00;0,193475315;35,2;35,39347532
06/08/2011 00:00;0,182446975;27,4;27,58244698
09/08/2011 00:00;0,247820313;29,4;29,64782031
12/08/2011 00:00;0,144792799;30,3;30,4447928
15/08/2011 00:00;0,272127519;31,6;31,87212752
18/08/2011 00:00;0,215816666;33,4;33,61581667
21/08/2011 00:00;0,193148006;30,7;30,89314801
24/08/2011 00:00;0,173313008;27,7;27,87331301
27/08/2011 00:00;0,194548435;27,7;27,89454844
30/08/2011 00:00;0,192203306;32,8;32,99220331
02/09/2011 00:00;0,154155432;33,7;33,85415543
05/09/2011 00:00;0,20181936;32,1;32,30181936
08/09/2011 00:00;0,17898986;2,60E+01;26,17898986
11/09/2011 00:00;0,163022666;28,7;28,86302267
14/09/2011 00:00;0,140709074;31,3;31,44070907
17/09/2011 00:00;0,166032313;25,3;25,46603231
20/09/2011 00:00;0,312675433;28,6;28,91267543
23/09/2011 00:00;0,156883706;27,6;27,75688371
26/09/2011 00:00;0,166677118;28,2;28,36667712
29/09/2011 00:00;0,14888188;26,5;26,64888188
02/10/2011 00:00;0,113120493;25,9;26,01312049
05/10/2011 00:00;0,154113831;27,1;27,25411383
08/10/2011 00:00;0,11850064;25,5;25,61850064
11/10/2011 00:00;0,218366682;2,10E+01;21,21836668
14/10/2011 00:00;0,180726756;26,3;26,48072676
17/10/2011 00:00;0,15468363;19,4;19,55468363
20/10/2011 00:00;0,126190329;17,7;17,82619033
23/10/2011 00:00;0,143907023;18,1;18,24390702
26/10/2011 00:00;0,179388853;18,8;18,97938885
29/10/2011 00:00;0,168586358;20,5;20,66858636
01/11/2011 00:00;0,169348827;20,6;20,76934883
04/11/2011 00:00;0,192121257;20,2;20,39212126
07/11/2011 00:00;0,142378989;18,5;18,64237899
10/11/2011 00:00;0,191768304;20,4;20,5917683
13/11/2011 00:00;0,115737232;20,7;20,81573723
16/11/2011 00:00;0,175190476;18,6;18,77519048
19/11/2011 00:00;0,112078489;1,80E+01;18,11207849
22/11/2011 00:00;0,131999856;18,9;19,03199986
25/11/2011 00:00;0,128919184;18,2;18,32891918
28/11/2011 00:00;0,200807647;17,3;17,50080765
01/12/2011 00:00;0,170836055;23,6;23,77083606
04/12/2011 00:00;0,134329766;17,5;17,63432977
07/12/2011 00:00;0,255224544;18,8;19,05522454
10/12/2011 00:00;0,121491474;20,1;20,22149147
13/12/2011 00:00;0,208506304;17,5;17,7085063
16/12/2011 00:00;0,167806872;16,8;16,96780687
19/12/2011 00:00;0,144582453;20,4;20,54458245
22/12/2011 00:00;0,181466889;18,7;18,88146689
25/12/2011 00:00;0,102474651;23,5;23,60247465
28/12/2011 00:00;0,118706167;20,4;20,51870617
31/12/2011 00:00;0,105525622;21,9;22,00552562
03/01/2012 00:00;0,155786874;2,20E+01;22,15578687
06/01/2012 00:00;0,173921029;23,1;23,27392103
09/01/2012 00:00;0,177282161;23,6;23,77728216
12/01/2012 00:00;0,228327094;24,3;24,52832709
15/01/2012 00:00;0,1714224;21,7;21,8714224
18/01/2012 00:00;0,309904036;20,8;21,10990404
21/01/2012 00:00;0,134057612;26,2;26,33405761
24/01/2012 00:00;0,239142924;20,7;20,93914292
27/01/2012 00:00;0,173909777;21,3;21,47390978
30/01/2012 00:00;0,126544478;25,4;25,52654448
02/02/2012 00:00;0,176369413;2,50E+01;25,17636941
05/02/2012 00:00;0,148184695;2,20E+01;22,1481847
08/02/2012 00:00;0,171113067;21,3;21,47111307
11/02/2012 00:00;0,163883693;22,3;22,46388369
14/02/2012 00:00;0,51576367;2,20E+01;22,51576367
17/02/2012 00:00;0,21060536;2,30E+01;23,21060536
20/02/2012 00:00;0,170096259;23,5;23,67009626
23/02/2012 00:00;0,228769054;27,1;27,32876905
26/02/2012 00:00;0,104927555;24,5;24,60492756
29/02/2012 00:00;0,132664878;3,00E+01;30,13266488
03/03/2012 00:00;0,182572506;20,9;21,08257251
06/03/2012 00:00;0,246747082;2,60E+01;26,24674708
09/03/2012 00:00;0,134472583;29,1;29,23447258
12/03/2012 00:00;0,128501181;29,6;29,72850118
15/03/2012 00:00;0,232698988;22,6;22,83269899
18/03/2012 00:00;0,116022393;27,4;27,51602239
21/03/2012 00:00;0,192567675;28,4;28,59256768
24/03/2012 00:00;0,118520868;30,2;30,31852087
27/03/2012 00:00;0,19977697;2,60E+01;26,19977697
30/03/2012 00:00;0,17590204;28,6;28,77590204
02/04/2012 00:00;0,180233088;24,2;24,38023309
05/04/2012 00:00;0,210364374;22,7;22,91036437
08/04/2012 00:00;0,11215369;27,8;27,91215369
11/04/2012 00:00;0,183402336;27,3;27,48340234
14/04/2012 00:00;0,251838651;24,6;24,85183865
17/04/2012 00:00;0,327222807;26,3;26,62722281
20/04/2012 00:00;0,208143031;28,7;28,90814303
23/04/2012 00:00;0,201142545;27,4;27,60114255
26/04/2012 00:00;0,294898278;28,5;28,79489828
29/04/2012 00:00;0,108446151;29,3;29,40844615
02/05/2012 00:00;0,170691863;27,2;27,37069186
05/05/2012 00:00;0,353122251;27,6;27,95312225
08/05/2012 00:00;0,395610794;32,9;33,29561079
11/05/2012 00:00;0,251994057;2,50E+01;25,25199406
14/05/2012 00:00;0,548411755;2,90E+01;29,54841176
17/05/2012 00:00;0,249738314;2,40E+01;24,24973831
20/05/2012 00:00;0,807824868;28,8;29,60782487
23/05/2012 00:00;0,669074813;24,6;25,26907481
26/05/2012 00:00;0,761958266;25,2;25,96195827
29/05/2012 00:00;1,147554474;25,4;26,54755447
01/06/2012 00:00;1,029971557;28,2;29,22997156
04/06/2012 00:00;1,849150639;28,2;30,04915064
07/06/2012 00:00;1,327288476;23,5;24,82728848
10/06/2012 00:00;0,636006854;31,5;32,13600685
13/06/2012 00:00;1,733257794;30,1;31,83325779
16/06/2012 00:00;1,899808947;29,7;31,59980895
19/06/2012 00:00;1,405089313;33,8;35,20508931
22/06/2012 00:00;0,702129474;28,5;29,20212947
25/06/2012 00:00;0,717409202;3,10E+01;31,7174092
28/06/2012 00:00;0,930400687;27,3;28,23040069
01/07/2012 00:00;0,471304902;27,9;28,3713049
04/07/2012 00:00;0,527472465;32,6;33,12747247
07/07/2012 00:00;0,569376925;34,9;35,46937693
10/07/2012 00:00;1,121859749;3,10E+01;32,12185975
13/07/2012 00:00;0,453606868;3,30E+01;33,45360687
16/07/2012 00:00;0,684237911;30,4;31,08423791
19/07/2012 00:00;1,044087608;31,3;32,34408761
22/07/2012 00:00;1,003869412;30,4;31,40386941
25/07/2012 00:00;0,671597409;33,7;34,37159741
28/07/2012 00:00;0,754298789;37,2;37,95429879
31/07/2012 00:00;1,14169315;31,7;32,84169315
03/08/2012 00:00;0,58526165;41,3;41,88526165
06/08/2012 00:00;1,184367355;33,6;34,78436736
09/08/2012 00:00;0,74279475;37,9;38,64279475
12/08/2012 00:00;0,566608046;43,4;43,96660805
15/08/2012 00:00;1,968123737;43,9;45,86812374
18/08/2012 00:00;1,354234626;3,80E+01;39,35423463
21/08/2012 00:00;1,267489875;46,5;47,76748988
24/08/2012 00:00;0,728131299;4,00E+01;40,7281313
27/08/2012 00:00;0,647019142;42,6;43,24701914
30/08/2012 00:00;0,543098922;45,2;45,74309892
02/09/2012 00:00;0,849520383;43,8;44,64952038
05/09/2012 00:00;1,107304462;51,5;52,60730446
08/09/2012 00:00;1,087217312;44,2;45,28721731
11/09/2012 00:00;1,245220329;49,9;51,14522033
14/09/2012 00:00;0,919087135;51,1;52,01908714
17/09/2012 00:00;0,717053328;55,6;56,31705333
20/09/2012 00:00;1,217919769;49,3;50,51791977
23/09/2012 00:00;0,590617491;5,00E+01;50,59061749
26/09/2012 00:00;1,141104533;4,80E+01;49,14110453
29/09/2012 00:00;0,523145699;56,4;56,9231457
02/10/2012 00:00;0,725405027;45,6;46,32540503
05/10/2012 00:00;1,06495862;48,7;49,76495862
08/10/2012 00:00;0,96078046;59,4;60,36078046
11/10/2012 00:00;0,811840058;49,4;50,21184006
14/10/2012 00:00;0,814243458;49,4;50,21424346
17/10/2012 00:00;1,062918495;50,8;51,8629185
20/10/2012 00:00;0,804121489;49,7;50,50412149
23/10/2012 00:00;3,236067749;49,3;52,53606775
26/10/2012 00:00;0,449606189;5,80E+01;58,44960619
29/10/2012 00:00;0,423170327;56,9;57,32317033
01/11/2012 00:00;0,66852741;52,3;52,96852741
04/11/2012 00:00;0,48787291;61,9;62,38787291
07/11/2012 00:00;1,41484198;60,8;62,21484198
10/11/2012 00:00;0,464679289;61,9;62,36467929
13/11/2012 00:00;0,600285663;53,7;54,30028566
16/11/2012 00:00;1,021289182;55,7;56,72128918
19/11/2012 00:00;1,474728267;48,6;50,07472827
22/11/2012 00:00;1,071488065;5,80E+01;59,07148807
25/11/2012 00:00;1,069910526;55,7;56,76991053
28/11/2012 00:00;1,453078711;68,1;69,55307871
01/12/2012 00:00;0,910684451;64,5;65,41068445
04/12/2012 00:00;0,77916065;44,7;45,47916065
07/12/2012 00:00;0,865484299;5,00E+01;50,8654843
10/12/2012 00:00;1,046345365;57,2;58,24634537
13/12/2012 00:00;0,903824822;53,7;54,60382482
16/12/2012 00:00;0,814663446;45,4;46,21466345
19/12/2012 00:00;1,51853803;56,5;58,01853803
22/12/2012 00:00;1,757293438;56,9;58,65729344
25/12/2012 00:00;0,629176604;48,6;49,2291766
28/12/2012 00:00;1,426987103;61,4;62,8269871
31/12/2012 00:00;0,738482355;58,7;59,43848236
03/01/2013 00:00;1,102419997;55,9;57,00242
06/01/2013 00:00;0,482073407;49,6;50,08207341
09/01/2013 00:00;1,40878202;5,10E+01;52,40878202
12/01/2013 00:00;1,230011149;45,3;46,53001115
15/01/2013 00:00;1,350538851;48,4;49,75053885
18/01/2013 00:00;1,631742929;47,6;49,23174293
21/01/2013 00:00;0,887771211;55,6;56,48777121
24/01/2013 00:00;1,341777912;56,4;57,74177791
27/01/2013 00:00;1,361832352;52,9;54,26183235
30/01/2013 00:00;1,229660551;50,4;51,62966055
02/02/2013 00:00;1,459046378;5,60E+01;57,45904638
05/02/2013 00:00;1,265941569;6,60E+01;67,26594157
08/02/2013 00:00;2,090602904;58,3;60,3906029
11/02/2013 00:00;2,204578779;6,10E+01;63,20457878
14/02/2013 00:00;1,473360252;62,9;64,37336025
17/02/2013 00:00;1,046009306;71,4;72,44600931
20/02/2013 00:00;1,658167748;7,40E+01;75,65816775
23/02/2013 00:00;1,713039276;69,3;71,01303928
26/02/2013 00:00;2,050089758;66,3;68,35008976
01/03/2013 00:00;1,868822176;80,9;82,76882218
04/03/2013 00:00;2,330377854;89,6;91,93037785
07/03/2013 00:00;1,98917563;77,8;79,78917563
10/03/2013 00:00;2,173308392;94,7;96,87330839
13/03/2013 00:00;2,669196366;78,8;81,46919637
16/03/2013 00:00;1,361244223;1,00E+02;101,3612442
19/03/2013 00:00;1,550268652;1,12E+02;113,5502687
22/03/2013 00:00;1,153745406;1,28E+02;129,1537454
25/03/2013 00:00;1,546198172;1,07E+02;108,5461982
28/03/2013 00:00;1,670245355;1,40E+02;141,6702454
31/03/2013 00:00;1,279690927;1,23E+02;124,2796909
03/04/2013 00:00;1,909792262;1,40E+02;141,9097923
06/04/2013 00:00;1,370993014;1,51E+02;152,370993
09/04/2013 00:00;1,947399937;1,51E+02;152,9473999
12/04/2013 00:00;1,873248051;1,56E+02;157,8732481
15/04/2013 00:00;1,677623911;1,44E+02;145,6776239
18/04/2013 00:00;1,315840277;1,71E+02;172,3158403
21/04/2013 00:00;1,0703431;1,83E+02;184,0703431
24/04/2013 00:00;2,962401958;1,84E+02;186,962402
27/04/2013 00:00;1,081349699;1,67E+02;168,0813497
30/04/2013 00:00;1,697506679;1,76E+02;177,6975067
03/05/2013 00:00;2,124661022;1,74E+02;176,124661
06/05/2013 00:00;1,227374178;1,92E+02;193,2273742
09/05/2013 00:00;1,71905387;1,96E+02;197,7190539
12/05/2013 00:00;1,994369286;2,10E+02;211,9943693
15/05/2013 00:00;2,336003668;1,93E+02;195,3360037
18/05/2013 00:00;1,529382516;1,93E+02;194,5293825
21/05/2013 00:00;2,385011456;1,95E+02;197,3850115
24/05/2013 00:00;1,645449383;2,12E+02;213,6454494
27/05/2013 00:00;1,784115647;2,45E+02;246,7841156
30/05/2013 00:00;1,984148213;2,41E+02;242,9841482
02/06/2013 00:00;1,111378411;2,91E+02;292,1113784
05/06/2013 00:00;1,869649332;3,69E+02;370,8696493
08/06/2013 00:00;1,703789931;3,07E+02;308,7037899
11/06/2013 00:00;1,878286218;3,22E+02;323,8782862
14/06/2013 00:00;1,007761685;3,15E+02;316,0077617
17/06/2013 00:00;1,342372965;3,49E+02;350,342373
20/06/2013 00:00;1,501610441;3,31E+02;332,5016104
23/06/2013 00:00;0,885564358;3,99E+02;399,8855644
26/06/2013 00:00;1,339597191;4,28E+02;429,3395972
29/06/2013 00:00;1,339153801;4,02E+02;403,3391538
02/07/2013 00:00;2,089395138;3,92E+02;394,0893951
05/07/2013 00:00;0,881316264;4,42E+02;442,8813163
08/07/2013 00:00;0,768297586;4,65E+02;465,7682976
11/07/2013 00:00;1,034548026;5,89E+02;590,034548
14/07/2013 00:00;0,913568188;5,00E+02;500,9135682
17/07/2013 00:00;1,229738364;5,18E+02;519,2297384
20/07/2013 00:00;0,528560856;5,73E+02;573,5285609
23/07/2013 00:00;1,616811128;5,31E+02;532,6168111
26/07/2013 00:00;1,0604166;6,52E+02;653,0604166
29/07/2013 00:00;1,21980161;6,08E+02;609,2198016
01/08/2013 00:00;1,153515141;6,78E+02;679,1535151
04/08/2013 00:00;1,281710052;7,49E+02;750,2817101
07/08/2013 00:00;2,46157418;7,71E+02;773,4615742
10/08/2013 00:00;1,053476878;8,72E+02;873,0534769
13/08/2013 00:00;1,732873212;1,14E+03;1141,732873
16/08/2013 00:00;2,31585473;1,02E+03;1022,315855
19/08/2013 00:00;2,665412837;1,06E+03;1062,665413
22/08/2013 00:00;1,378907695;1,24E+03;1241,378908
25/08/2013 00:00;1,267324359;1,10E+03;1101,267324
28/08/2013 00:00;3,055079568;1,29E+03;1293,05508
31/08/2013 00:00;0,93287714;1,66E+03;1660,932877
03/09/2013 00:00;1,309353708;1,43E+03;1431,309354
06/09/2013 00:00;2,262498808;1,94E+03;1942,262499
09/09/2013 00:00;1,90696577;1,97E+03;1971,906966
12/09/2013 00:00;0,924918915;2,12E+03;2120,924919
15/09/2013 00:00;1,105917199;2,42E+03;2421,105917
18/09/2013 00:00;2,70914638;1,99E+03;1992,709146
21/09/2013 00:00;1,294724781;2,47E+03;2471,294725
24/09/2013 00:00;2,184586786;2,65E+03;2652,184587
27/09/2013 00:00;1,139155889;3,07E+03;3071,139156
30/09/2013 00:00;1,352372903;2,86E+03;2861,352373
03/10/2013 00:00;1,976288027;3,63E+03;3631,976288
06/10/2013 00:00;0,925706454;4,48E+03;4480,925706
09/10/2013 00:00;1,586718306;4,06E+03;4061,586718
12/10/2013 00:00;1,385774922;4,37E+03;4371,385775
15/10/2013 00:00;1,606217221;5,50E+03;5501,606217
18/10/2013 00:00;2,226462634;5,43E+03;5432,226463
21/10/2013 00:00;1,982628763;6,31E+03;6311,982629
24/10/2013 00:00;1,908804645;6,56E+03;6561,908805
27/10/2013 00:00;1,244844073;8,11E+03;8111,244844
30/10/2013 00:00;1,695360068;8,98E+03;8981,69536
02/11/2013 00:00;0,662838508;9,94E+03;9940,662839
05/11/2013 00:00;1,396127208;7,79E+03;7791,396127
08/11/2013 00:00;2,490348458;7,96E+03;7962,490348
11/11/2013 00:00;1,737167507;1,17E+04;11701,73717
14/11/2013 00:00;1,423986895;1,01E+04;10101,42399
17/11/2013 00:00;0,765287865;1,38E+04;13800,76529
20/11/2013 00:00;2,795776082;1,16E+04;11602,79578
23/11/2013 00:00;1,84247048;1,16E+04;11601,84247
26/11/2013 00:00;3,285848251;1,17E+04;11703,28585
29/11/2013 00:00;2,714585839;1,53E+04;15302,71459
02/12/2013 00:00;2,527260921;1,35E+04;13502,52726
05/12/2013 00:00;3,741165035;1,42E+04;14203,74117
08/12/2013 00:00;1,117389547;1,48E+04;14801,11739
11/12/2013 00:00;2,637618117;1,68E+04;16802,63762
14/12/2013 00:00;1,762637869;2,13E+04;21301,76264
17/12/2013 00:00;2,609459826;2,10E+04;21002,60946
20/12/2013 00:00;2,065540317;2,15E+04;21502,06554
23/12/2013 00:00;1,840875112;2,20E+04;22001,84088
26/12/2013 00:00;1,46338541;2,48E+04;24801,46339
29/12/2013 00:00;1,298703082;2,08E+04;20801,2987
01/01/2014 00:00;0,670837298;2,77E+04;27700,67084
04/01/2014 00:00;1,872663344;2,46E+04;24601,87266
07/01/2014 00:00;2,507208899;3,11E+04;31102,50721
10/01/2014 00:00;1,359781003;3,36E+04;33601,35978
13/01/2014 00:00;1,368165082;4,26E+04;42601,36817
16/01/2014 00:00;1,16923327;4,19E+04;41901,16923
19/01/2014 00:00;1,180584058;3,86E+04;38601,18058
22/01/2014 00:00;1,843556752;3,98E+04;39801,84356
25/01/2014 00:00;1,567257993;3,98E+04;39801,56726
28/01/2014 00:00;2,779362724;4,27E+04;42702,77936
31/01/2014 00:00;1,587868723;4,73E+04;47301,58787
03/02/2014 00:00;1,628995701;4,99E+04;49901,629
06/02/2014 00:00;2,549617092;5,13E+04;51302,54962
09/02/2014 00:00;1,730758994;4,64E+04;46401,73076
12/02/2014 00:00;2,797242452;5,13E+04;51302,79724
15/02/2014 00:00;1,835138508;5,53E+04;55301,83514
18/02/2014 00:00;3,004598986;6,12E+04;61203,0046
21/02/2014 00:00;2,72899259;6,16E+04;61602,72899
24/02/2014 00:00;2,067076906;6,67E+04;66702,06708
27/02/2014 00:00;1,502272422;6,67E+04;66701,50227
02/03/2014 00:00;1,988842685;6,66E+04;66601,98884
05/03/2014 00:00;3,178773382;7,20E+04;72003,17877
08/03/2014 00:00;2,107125057;7,82E+04;78202,10713
11/03/2014 00:00;3,085456347;7,51E+04;75103,08546
14/03/2014 00:00;2,684472508;6,92E+04;69202,68447
17/03/2014 00:00;1,832703691;8,86E+04;88601,8327
20/03/2014 00:00;2,029604223;8,32E+04;83202,0296
23/03/2014 00:00;1,382868717;1,02E+05;102001,3829
26/03/2014 00:00;2,742153167;9,27E+04;92702,74215
29/03/2014 00:00;1,813720097;1,00E+05;100001,8137
01/04/2014 00:00;2,436151569;1,05E+05;105002,4362
04/04/2014 00:00;1,667997917;1,18E+05;118001,668
07/04/2014 00:00;2,717214141;1,05E+05;105002,7172
10/04/2014 00:00;2,545622236;1,25E+05;125002,5456
13/04/2014 00:00;1,172534949;1,43E+05;143001,1725
16/04/2014 00:00;3,695312147;1,07E+05;107003,6953
19/04/2014 00:00;1,46037192;1,33E+05;133001,4604
22/04/2014 00:00;3,878112969;1,26E+05;126003,8781
25/04/2014 00:00;2,908099441;1,34E+05;134002,9081
28/04/2014 00:00;2,082034994;1,36E+05;136002,082
01/05/2014 00:00;1,90137334;1,57E+05;157001,9014
04/05/2014 00:00;1,520270565;1,42E+05;142001,5203
07/05/2014 00:00;2,286866856;1,53E+05;153002,2869
10/05/2014 00:00;1,496864742;1,66E+05;166001,4969
13/05/2014 00:00;3,004471436;1,76E+05;176003,0045
16/05/2014 00:00;2,238188475;1,89E+05;189002,2382
19/05/2014 00:00;2,295979628;1,84E+05;184002,296
22/05/2014 00:00;1,986342258;1,73E+05;173001,9863
25/05/2014 00:00;1,735986954;1,85E+05;185001,736
28/05/2014 00:00;3,063998831;2,17E+05;217003,064
31/05/2014 00:00;1,521838368;1,86E+05;186001,5218
03/06/2014 00:00;2,971493804;2,30E+05;230002,9715
06/06/2014 00:00;2,447901637;2,04E+05;204002,4479
09/06/2014 00:00;2,559280696;1,87E+05;187002,5593
12/06/2014 00:00;2,351720623;2,14E+05;214002,3517
15/06/2014 00:00;1,714033951;2,56E+05;256001,714
18/06/2014 00:00;2,554693314;2,68E+05;268002,5547
21/06/2014 00:00;1,412857549;2,98E+05;298001,4129
24/06/2014 00:00;2,480956228;3,12E+05;312002,481
27/06/2014 00:00;1,469815122;2,95E+05;295001,4698
30/06/2014 00:00;3,499283522;2,46E+05;246003,4993
03/07/2014 00:00;2,488466815;2,62E+05;262002,4885
06/07/2014 00:00;1,788091801;2,94E+05;294001,7881
09/07/2014 00:00;2,85133569;3,13E+05;313002,8513
12/07/2014 00:00;1,572276461;3,25E+05;325001,5723
15/07/2014 00:00;3,724667497;2,80E+05;280003,7247
18/07/2014 00:00;1,890678532;3,23E+05;323001,8907
21/07/2014 00:00;2,155274517;3,03E+05;303002,1553
24/07/2014 00:00;2,238728222;3,03E+05;303002,2387
27/07/2014 00:00;1,405884113;3,53E+05;353001,4059
30/07/2014 00:00;1,817554513;3,84E+05;384001,8176
02/08/2014 00:00;1,587170345;3,71E+05;371001,5872
05/08/2014 00:00;4,326111229;2,90E+05;290004,3261
08/08/2014 00:00;2,169761031;3,72E+05;372002,1698
11/08/2014 00:00;2,264538241;4,21E+05;421002,2645
14/08/2014 00:00;3,757351158;3,93E+05;393003,7574
17/08/2014 00:00;1,845492698;3,81E+05;381001,8455
20/08/2014 00:00;2,276663651;4,41E+05;441002,2767
23/08/2014 00:00;2,020230648;4,39E+05;439002,0202
26/08/2014 00:00;3,729201675;4,64E+05;464003,7292
29/08/2014 00:00;1,98734988;4,64E+05;464001,9873
01/09/2014 00:00;2,501807636;4,82E+05;482002,5018
04/09/2014 00:00;1,669883646;5,37E+05;537001,6699
07/09/2014 00:00;2,031164075;5,27E+05;527002,0312
10/09/2014 00:00;3,344506982;5,01E+05;501003,3445
13/09/2014 00:00;1,653697286;5,69E+05;569001,6537
16/09/2014 00:00;4,654951755;5,91E+05;591004,655
19/09/2014 00:00;2,097163565;5,66E+05;566002,0972
22/09/2014 00:00;2,058538098;5,49E+05;549002,0585
25/09/2014 00:00;2,682444968;5,70E+05;570002,6824
28/09/2014 00:00;2,309905825;5,65E+05;565002,3099
01/10/2014 00:00;3,157656056;5,89E+05;589003,1577
04/10/2014 00:00;2,410428001;5,81E+05;581002,4104
07/10/2014 00:00;3,321784889;6,13E+05;613003,3218
10/10/2014 00:00;2,76868148;6,52E+05;652002,7687
13/10/2014 00:00;3,279731663;6,28E+05;628003,2797
16/10/2014 00:00;2,187040237;6,15E+05;615002,187
19/10/2014 00:00;2,262763744;5,50E+05;550002,2628
22/10/2014 00:00;2,386365239;7,01E+05;701002,3864
25/10/2014 00:00;2,281975587;6,41E+05;641002,282
28/10/2014 00:00;3,876319346;6,32E+05;632003,8763
31/10/2014 00:00;2,50110711;7,93E+05;793002,5011
03/11/2014 00:00;3,292704266;6,54E+05;654003,2927
06/11/2014 00:00;3,035996657;6,73E+05;673003,036
09/11/2014 00:00;2,412171276;6,45E+05;645002,4122
12/11/2014 00:00;3,583194572;6,26E+05;626003,5832
15/11/2014 00:00;2,005438709;6,96E+05;696002,0054
18/11/2014 00:00;3,271988332;6,96E+05;696003,272
21/11/2014 00:00;3,220727405;5,86E+05;586003,2207
24/11/2014 00:00;2,960751492;7,32E+05;732002,9608
27/11/2014 00:00;2,536766743;6,19E+05;619002,5368
30/11/2014 00:00;2,540449968;7,37E+05;737002,5404
03/12/2014 00:00;4,823674512;5,71E+05;571004,8237
06/12/2014 00:00;2,749529399;6,80E+05;680002,7495
09/12/2014 00:00;3,539178745;6,52E+05;652003,5392
12/12/2014 00:00;2,091021666;6,66E+05;666002,091
15/12/2014 00:00;3,634891489;7,17E+05;717003,6349
18/12/2014 00:00;4,538250458;6,43E+05;643004,5383
21/12/2014 00:00;3,154461346;6,70E+05;670003,1545
24/12/2014 00:00;3,77952242;6,98E+05;698003,7795
27/12/2014 00:00;3,788921836;7,40E+05;740003,7889
30/12/2014 00:00;3,175050603;6,75E+05;675003,1751
02/01/2015 00:00;1,74464875;7,62E+05;762001,7446
05/01/2015 00:00;2,399384888;8,00E+05;800002,3994
08/01/2015 00:00;2,463070187;6,43E+05;643002,4631
11/01/2015 00:00;2,634332664;7,00E+05;700002,6343
14/01/2015 00:00;4,31291474;7,78E+05;778004,3129
17/01/2015 00:00;3,269472653;7,06E+05;706003,2695
20/01/2015 00:00;4,008135047;6,18E+05;618004,0081
23/01/2015 00:00;3,513510428;6,39E+05;639003,5135
26/01/2015 00:00;6,113672169;6,54E+05;654006,1137
29/01/2015 00:00;2,037508566;8,22E+05;822002,0375
01/02/2015 00:00;2,640256942;8,22E+05;822002,6403
04/02/2015 00:00;2,623248953;7,79E+05;779002,6232
07/02/2015 00:00;2,051058474;8,32E+05;832002,0511
10/02/2015 00:00;3,575970839;7,81E+05;781003,576
13/02/2015 00:00;4,785265968;7,29E+05;729004,7853
16/02/2015 00:00;3,948102458;8,23E+05;823003,9481
19/02/2015 00:00;2,456008561;8,54E+05;854002,456
22/02/2015 00:00;2,753063258;7,87E+05;787002,7531
25/02/2015 00:00;3,271828377;8,53E+05;853003,2718
28/02/2015 00:00;2,643308048;7,38E+05;738002,6433
03/03/2015 00:00;4,75003272;8,42E+05;842004,75
06/03/2015 00:00;3,832160241;8,64E+05;864003,8322
09/03/2015 00:00;3,805886811;7,34E+05;734003,8059
12/03/2015 00:00;3,826235187;7,39E+05;739003,8262
15/03/2015 00:00;2,339272491;8,17E+05;817002,3393
18/03/2015 00:00;3,504074515;7,84E+05;784003,5041
21/03/2015 00:00;3,572795156;7,95E+05;795003,5728
24/03/2015 00:00;3,162892731;9,14E+05;914003,1629
27/03/2015 00:00;2,336718561;9,42E+05;942002,3367
30/03/2015 00:00;3,975768873;7,77E+05;777003,9758
02/04/2015 00:00;4,160807537;8,05E+05;805004,1608
05/04/2015 00:00;2,535751196;8,75E+05;875002,5358
08/04/2015 00:00;4,119580389;6,89E+05;689004,1196
11/04/2015 00:00;3,359309999;7,94E+05;794003,3593
14/04/2015 00:00;4,315244533;9,15E+05;915004,3152
17/04/2015 00:00;2,994870875;7,76E+05;776002,9949
20/04/2015 00:00;4,050050461;9,62E+05;962004,0501
23/04/2015 00:00;3,603992049;7,70E+05;770003,604
26/04/2015 00:00;2,752956999;8,31E+05;831002,753
29/04/2015 00:00;4,838904444;7,20E+05;720004,8389
02/05/2015 00:00;3,070317601;8,20E+05;820003,0703
05/05/2015 00:00;3,760561471;8,60E+05;860003,7606
08/05/2015 00:00;3,890972421;8,26E+05;826003,891
11/05/2015 00:00;3,375031359;8,32E+05;832003,375
14/05/2015 00:00;2,937818017;7,82E+05;782002,9378
17/05/2015 00:00;2,082874952;9,89E+05;989002,0829
20/05/2015 00:00;3,708826849;8,12E+05;812003,7088
23/05/2015 00:00;2,746587702;6,86E+05;686002,7466
26/05/2015 00:00;4,313337702;7,72E+05;772004,3133
29/05/2015 00:00;3,487645166;8,98E+05;898003,4876
01/06/2015 00:00;5,289543138;7,84E+05;784005,2895
04/06/2015 00:00;4,7657294;7,92E+05;792004,7657
07/06/2015 00:00;1,893899568;9,31E+05;931001,8939
10/06/2015 00:00;5,175658233;8,81E+05;881005,1757
13/06/2015 00:00;3,500841836;8,81E+05;881003,5008
16/06/2015 00:00;5,39180995;7,16E+05;716005,3918
19/06/2015 00:00;4,882078493;9,37E+05;937004,8821
22/06/2015 00:00;4,211937245;8,62E+05;862004,2119
25/06/2015 00:00;2,314472199;9,32E+05;932002,3145
28/06/2015 00:00;2,739827985;8,56E+05;856002,7398
01/07/2015 00:00;6,341805704;8,39E+05;839006,3418
04/07/2015 00:00;2,049216378;8,97E+05;897002,0492
07/07/2015 00:00;6,345303781;8,57E+05;857006,3453
10/07/2015 00:00;11,32420408;9,03E+05;903011,3242
13/07/2015 00:00;10,65165572;8,68E+05;868010,6517
16/07/2015 00:00;5,245057841;8,14E+05;814005,2451
19/07/2015 00:00;8,109449971;8,56E+05;856008,1094
22/07/2015 00:00;6,497301242;8,80E+05;880006,4973
25/07/2015 00:00;2,50684166;9,37E+05;937002,5068
28/07/2015 00:00;5,62387455;8,70E+05;870005,6239
31/07/2015 00:00;6,086932698;8,51E+05;851006,0869
03/08/2015 00:00;4,820607394;9,00E+05;900004,8206
06/08/2015 00:00;9,132575358;8,58E+05;858009,1326
09/08/2015 00:00;2,453126504;8,34E+05;834002,4531
12/08/2015 00:00;4,772372046;7,60E+05;760004,7724
15/08/2015 00:00;3,737489347;8,27E+05;827003,7375
18/08/2015 00:00;4,854266093;8,95E+05;895004,8543
21/08/2015 00:00;3,42966477;9,51E+05;951003,4297
24/08/2015 00:00;4,430734116;9,98E+05;998004,4307
27/08/2015 00:00;2,982841004;9,47E+05;947002,9828
30/08/2015 00:00;3,070285994;9,15E+05;915003,0703
02/09/2015 00:00;6,220346104;9,79E+05;979006,2203
05/09/2015 00:00;5,47863277;1,01E+06;1010005,479
08/09/2015 00:00;4,916130789;9,28E+05;928004,9161
11/09/2015 00:00;5,703801849;1,15E+06;1150005,704
14/09/2015 00:00;7,701436903;1,06E+06;1060007,701
17/09/2015 00:00;11,66604932;9,41E+05;941011,666
20/09/2015 00:00;3,742692766;8,34E+05;834003,7427
23/09/2015 00:00;4,318465511;1,04E+06;1040004,318
26/09/2015 00:00;3,513977717;1,06E+06;1060003,514
29/09/2015 00:00;5,452299014;1,20E+06;1200005,452
02/10/2015 00:00;4,319811112;8,91E+05;891004,3198
05/10/2015 00:00;3,41715588;1,05E+06;1050003,417
08/10/2015 00:00;5,836827139;9,76E+05;976005,8368
11/10/2015 00:00;4,039699332;1,07E+06;1070004,04
14/10/2015 00:00;4,884801133;1,08E+06;1080004,885
17/10/2015 00:00;5,736786908;9,35E+05;935005,7368
20/10/2015 00:00;6,136352004;9,06E+05;906006,1364
23/10/2015 00:00;4,009747506;1,10E+06;1100004,01
26/10/2015 00:00;3,712137909;1,08E+06;1080003,712
29/10/2015 00:00;5,280432503;1,08E+06;1080005,28
01/11/2015 00:00;4,175704698;1,16E+06;1160004,176
04/11/2015 00:00;9,435139767;1,13E+06;1130009,435
07/11/2015 00:00;5,00350404;1,19E+06;1190005,004
10/11/2015 00:00;5,424646655;1,04E+06;1040005,425
13/11/2015 00:00;3,85845181;1,29E+06;1290003,858
16/11/2015 00:00;4,865348679;1,36E+06;1360004,865
19/11/2015 00:00;5,540519577;1,08E+06;1080005,541
22/11/2015 00:00;2,899585476;1,34E+06;1340002,9
25/11/2015 00:00;4,228322846;1,31E+06;1310004,228
28/11/2015 00:00;5,336237386;1,24E+06;1240005,336
01/12/2015 00:00;5,67716654;1,64E+06;1640005,677
04/12/2015 00:00;4,335878822;1,24E+06;1240004,336
07/12/2015 00:00;5,719644609;1,40E+06;1400005,72
10/12/2015 00:00;6,247988462;1,82E+06;1820006,248
13/12/2015 00:00;5,429673503;1,38E+06;1380005,43
16/12/2015 00:00;6,256008999;1,56E+06;1560006,256
19/12/2015 00:00;5,741135152;1,70E+06;1700005,741
22/12/2015 00:00;13,02810466;1,54E+06;1540013,028
25/12/2015 00:00;6,860082537;1,47E+06;1470006,86
28/12/2015 00:00;5,620591139;1,76E+06;1760005,621
31/12/2015 00:00;4,979139786;1,75E+06;1750004,979
03/01/2016 00:00;4,101176302;1,81E+06;1810004,101
06/01/2016 00:00;6,897437795;1,66E+06;1660006,897
09/01/2016 00:00;4,676474459;1,94E+06;1940004,676
12/01/2016 00:00;5,012794622;2,14E+06;2140005,013
15/01/2016 00:00;6,46041917;1,63E+06;1630006,46
18/01/2016 00:00;7,616062363;2,32E+06;2320007,616
21/01/2016 00:00;7,364651306;1,78E+06;1780007,365
24/01/2016 00:00;5,294834083;2,20E+06;2200005,295
27/01/2016 00:00;7,846789356;2,17E+06;2170007,847
30/01/2016 00:00;7,447820293;2,49E+06;2490007,448
02/02/2016 00:00;9,853075661;2,31E+06;2310009,853
05/02/2016 00:00;5,949925941;2,53E+06;2530005,95
08/02/2016 00:00;8,014247735;2,72E+06;2720008,014
11/02/2016 00:00;5,928464876;3,24E+06;3240005,928
14/02/2016 00:00;4,14459297;3,04E+06;3040004,145
17/02/2016 00:00;6,586464025;2,36E+06;2360006,586
20/02/2016 00:00;6,671334621;3,03E+06;3030006,671
23/02/2016 00:00;8,786833992;2,59E+06;2590008,787
26/02/2016 00:00;5,398299105;2,87E+06;2870005,398
29/02/2016 00:00;9,605032527;2,59E+06;2590009,605
03/03/2016 00:00;8,426902418;2,55E+06;2550008,427
06/03/2016 00:00;5,722821068;2,58E+06;2580005,723
09/03/2016 00:00;6,516144728;3,06E+06;3060006,516
12/03/2016 00:00;4,122306702;2,69E+06;2690004,122
15/03/2016 00:00;7,039232357;2,82E+06;2820007,039
18/03/2016 00:00;7,225301978;2,68E+06;2680007,225
21/03/2016 00:00;8,065424218;2,44E+06;2440008,065
24/03/2016 00:00;7,058184592;2,93E+06;2930007,058
27/03/2016 00:00;3,999815873;2,97E+06;2970004
30/03/2016 00:00;8,227250148;3,08E+06;3080008,227
02/04/2016 00:00;6,467888318;2,93E+06;2930006,468
05/04/2016 00:00;9,703416836;2,91E+06;2910009,703
08/04/2016 00:00;6,70453698;2,76E+06;2760006,705
11/04/2016 00:00;7,26180509;2,95E+06;2950007,262
14/04/2016 00:00;6,788954568;3,45E+06;3450006,789
17/04/2016 00:00;4,954984282;3,20E+06;3200004,955
20/04/2016 00:00;6,89956626;3,45E+06;3450006,9
23/04/2016 00:00;5,65627398;3,01E+06;3010005,656
26/04/2016 00:00;7,36740798;3,16E+06;3160007,367
29/04/2016 00:00;7,70579394;3,31E+06;3310007,706
02/05/2016 00:00;7,07522514;3,29E+06;3290007,075
05/05/2016 00:00;6,568841875;3,27E+06;3270006,569
08/05/2016 00:00;5,71792194;3,41E+06;3410005,718
11/05/2016 00:00;6,48786588;3,03E+06;3030006,488
14/05/2016 00:00;7,01864292;3,28E+06;3280007,019
17/05/2016 00:00;7,34271102;3,21E+06;3210007,343
20/05/2016 00:00;6,9880251;3,39E+06;3390006,988
23/05/2016 00:00;6,957989264;4,12E+06;4120006,958
26/05/2016 00:00;6,666980873;3,20E+06;3200006,667
29/05/2016 00:00;5,9982906;3,43E+06;3430005,998
01/06/2016 00:00;7,210755755;3,36E+06;3360007,211
04/06/2016 00:00;6,0015699;2,78E+06;2780006,002
07/06/2016 00:00;6,742711589;3,32E+06;3320006,743
10/06/2016 00:00;7,10771796;3,31E+06;3310007,108
13/06/2016 00:00;8,84472258;3,70E+06;3700008,845
16/06/2016 00:00;8,56187124;3,42E+06;3420008,562
19/06/2016 00:00;7,67940234;4,07E+06;4070007,679
22/06/2016 00:00;7,31928306;3,17E+06;3170007,319
25/06/2016 00:00;7,94249628;4,07E+06;4070007,942
28/06/2016 00:00;6,80855214;3,66E+06;3660006,809
01/07/2016 00:00;7,08145482;3,85E+06;3850007,081
04/07/2016 00:00;6,69829806;3,78E+06;3780006,698
07/07/2016 00:00;6,8087883;3,45E+06;3450006,809
10/07/2016 00:00;5,4832161;3,90E+06;3900005,483
13/07/2016 00:00;6,38556636;3,25E+06;3250006,386
16/07/2016 00:00;6,4854672;3,93E+06;3930006,485
19/07/2016 00:00;6,6108618;3,20E+06;3200006,611
22/07/2016 00:00;6,68727582;3,23E+06;3230006,687
25/07/2016 00:00;7,21244448;3,30E+06;3300007,212
28/07/2016 00:00;7,20187734;3,43E+06;3430007,202
31/07/2016 00:00;7,34184468;3,85E+06;3850007,342
03/08/2016 00:00;7,99866;3,97E+06;3970007,999
06/08/2016 00:00;6,18741624;3,95E+06;3950006,187
09/08/2016 00:00;6,61106928;2,96E+06;2960006,611
12/08/2016 00:00;7,19915154;3,52E+06;3520007,199
15/08/2016 00:00;7,09358286;3,72E+06;3720007,094
18/08/2016 00:00;7,38145728;3,92E+06;3920007,381
21/08/2016 00:00;6,01381908;4,15E+06;4150006,014
24/08/2016 00:00;6,95724234;3,90E+06;3900006,957
27/08/2016 00:00;5,93483844;3,67E+06;3670005,935
30/08/2016 00:00;7,7628432;4,27E+06;4270007,763
02/09/2016 00:00;6,6706548;3,96E+06;3960006,671
05/09/2016 00:00;7,3945104;3,62E+06;3620007,395
08/09/2016 00:00;7,0338861;3,72E+06;3720007,034
11/09/2016 00:00;5,82249528;4,24E+06;4240005,822
14/09/2016 00:00;7,15297632;4,13E+06;4130007,153
17/09/2016 00:00;7,37787492;4,31E+06;4310007,378
20/09/2016 00:00;7,2106557;4,05E+06;4050007,211
23/09/2016 00:00;6,57093018;3,60E+06;3600006,571
26/09/2016 00:00;7,0762599;4,32E+06;4320007,076
29/09/2016 00:00;7,14556452;4,04E+06;4040007,146
02/10/2016 00:00;6,0787821;3,99E+06;3990006,079
05/10/2016 00:00;7,9048986;4,72E+06;4720007,905
08/10/2016 00:00;7,7189916;5,12E+06;5120007,719
11/10/2016 00:00;7,6985595;4,21E+06;4210007,699
14/10/2016 00:00;7,00694868;4,12E+06;4120007,007
17/10/2016 00:00;6,97254996;3,79E+06;3790006,973
20/10/2016 00:00;7,85855076;4,06E+06;4060007,859
23/10/2016 00:00;6,84579078;4,28E+06;4280006,846
26/10/2016 00:00;8,12790918;4,13E+06;4130008,128
29/10/2016 00:00;6,91097496;4,43E+06;4430006,911
01/11/2016 00:00;7,40492634;4,28E+06;4280007,405
04/11/2016 00:00;6,65451306;3,45E+06;3450006,655
07/11/2016 00:00;7,7676567;4,36E+06;4360007,768
10/11/2016 00:00;8,1097341;5,01E+06;5010008,11
13/11/2016 00:00;6,63431382;4,27E+06;4270006,634
16/11/2016 00:00;8,16571662;5,13E+06;5130008,166
19/11/2016 00:00;7,26648726;4,69E+06;4690007,266
22/11/2016 00:00;7,7094339;4,42E+06;4420007,709
25/11/2016 00:00;8,59818024;5,02E+06;5020008,598
28/11/2016 00:00;8,94565584;5,42E+06;5420008,946
01/12/2016 00:00;7,87970136;4,82E+06;4820007,88
04/12/2016 00:00;7,61015262;4,97E+06;4970007,61
07/12/2016 00:00;9,29086326;5,88E+06;5880009,291
10/12/2016 00:00;7,11597522;4,44E+06;4440007,116
13/12/2016 00:00;8,70314676;5,98E+06;5980008,703
16/12/2016 00:00;7,71360204;4,83E+06;4830007,714
19/12/2016 00:00;8,34778932;5,52E+06;5520008,348
22/12/2016 00:00;8,7752373;5,78E+06;5780008,775
25/12/2016 00:00;6,48802098;6,07E+06;6070006,488
28/12/2016 00:00;8,54584512;6,10E+06;6100008,546
31/12/2016 00:00;7,13877012;5,51E+06;5510007,139
03/01/2017 00:00;8,92068342;6,10E+06;6100008,921
06/01/2017 00:00;9,50863344;5,99E+06;5990009,509
09/01/2017 00:00;7,5317058;5,06E+06;5060007,532
12/01/2017 00:00;8,33321268;6,83E+06;6830008,333
15/01/2017 00:00;6,78421794;6,59E+06;6590006,784
18/01/2017 00:00;8,10446298;5,96E+06;5960008,104
21/01/2017 00:00;7,52694474;7,15E+06;7150007,527
24/01/2017 00:00;8,70449988;6,86E+06;6860008,704
27/01/2017 00:00;8,54433402;7,83E+06;7830008,544
30/01/2017 00:00;8,37194922;6,72E+06;6720008,372
02/02/2017 00:00;8,6094711;7,23E+06;7230008,609
05/02/2017 00:00;9,13879152;7,87E+06;7870009,139
08/02/2017 00:00;8,41948758;7,22E+06;7220008,419
11/02/2017 00:00;8,03693526;6,88E+06;6880008,037
14/02/2017 00:00;8,97119532;8,36E+06;8360008,971
17/02/2017 00:00;8,7798213;7,47E+06;7470008,78
20/02/2017 00:00;8,44780494;7,64E+06;7640008,448
23/02/2017 00:00;8,64641142;7,75E+06;7750008,646
26/02/2017 00:00;9,84429912;9,19E+06;9190009,844
01/03/2017 00:00;8,45982102;7,44E+06;7440008,46
04/03/2017 00:00;7,92812556;7,23E+06;7230007,928
07/03/2017 00:00;8,94923106;8,26E+06;8260008,949
10/03/2017 00:00;9,2834478;8,42E+06;8420009,283
13/03/2017 00:00;8,5509891;7,83E+06;7830008,551
16/03/2017 00:00;9,072228;8,26E+06;8260009,072
19/03/2017 00:00;8,86154478;9,25E+06;9250008,862
22/03/2017 00:00;9,48904542;8,97E+06;8970009,489
25/03/2017 00:00;7,50060096;7,41E+06;7410007,501
28/03/2017 00:00;9,16685862;8,64E+06;8640009,167
31/03/2017 00:00;7,78027542;7,90E+06;7900007,78
03/04/2017 00:00;9,27471432;1,03E+07;10300009,27
06/04/2017 00:00;8,62370988;8,61E+06;8610008,624
09/04/2017 00:00;8,82890646;9,31E+06;9310008,829
12/04/2017 00:00;8,37147336;8,31E+06;8310008,371
15/04/2017 00:00;8,98520424;9,21E+06;9210008,985
18/04/2017 00:00;8,37052854;8,91E+06;8910008,371
21/04/2017 00:00;9,77891202;1,02E+07;10200009,78
24/04/2017 00:00;7,16538888;7,57E+06;7570007,165
27/04/2017 00:00;8,53439058;8,99E+06;8990008,534
30/04/2017 00:00;8,80535526;9,24E+06;9240008,805
03/05/2017 00:00;7,8827037;8,07E+06;8070007,883
06/05/2017 00:00;9,72652638;1,03E+07;10300009,73
09/05/2017 00:00;9,18641466;9,48E+06;9480009,186
12/05/2017 00:00;8,820324;1,01E+07;10100008,82
15/05/2017 00:00;9,90126222;1,12E+07;11200009,9
18/05/2017 00:00;8,30367288;9,32E+06;9320008,304
21/05/2017 00:00;8,73500784;9,65E+06;9650008,735
24/05/2017 00:00;8,96786508;1,08E+07;10800008,97
27/05/2017 00:00;9,99392604;1,17E+07;11700009,99
30/05/2017 00:00;10,53167748;1,25E+07;12500010,53
02/06/2017 00:00;8,60222028;1,02E+07;10200008,6
05/06/2017 00:00;9,4899924;1,30E+07;13000009,49
08/06/2017 00:00;9,60116064;1,31E+07;13100009,6
11/06/2017 00:00;8,28235956;1,16E+07;11600008,28
14/06/2017 00:00;8,14259286;1,11E+07;11100008,14
17/06/2017 00:00;8,57563626;1,21E+07;12100008,58
20/06/2017 00:00;7,99579086;1,15E+07;11500008
23/06/2017 00:00;9,10925082;1,33E+07;13300009,11
26/06/2017 00:00;8,41115142;1,18E+07;11800008,41
29/06/2017 00:00;6,9612261;1,00E+07;10000006,96
02/07/2017 00:00;8,7936996;1,56E+07;15600008,79
05/07/2017 00:00;8,13128688;1,24E+07;12400008,13
08/07/2017 00:00;8,50306344;1,37E+07;13700008,5
11/07/2017 00:00;9,23931714;1,44E+07;14400009,24
14/07/2017 00:00;7,50774288;1,31E+07;13100007,51
17/07/2017 00:00;8,39415522;1,40E+07;14000008,39
20/07/2017 00:00;9,03431358;1,53E+07;15300009,03
23/07/2017 00:00;7,05218982;1,62E+07;16200007,05
26/07/2017 00:00;8,53192842;1,39E+07;13900008,53
29/07/2017 00:00;8,2161537;1,58E+07;15800008,22
01/08/2017 00:00;6,48410718;1,50E+07;15000006,48
04/08/2017 00:00;9,92534574;1,80E+07;18000009,93
07/08/2017 00:00;8,66314602;1,54E+07;15400008,66
10/08/2017 00:00;7,8895044;1,45E+07;14500007,89
13/08/2017 00:00;8,73188298;1,60E+07;16000008,73
16/08/2017 00:00;7,54047612;1,41E+07;14100007,54
19/08/2017 00:00;8,75608374;1,63E+07;16300008,76
22/08/2017 00:00;5,33025576;9,63E+06;9630005,33
25/08/2017 00:00;5,62827948;1,05E+07;10500005,63
28/08/2017 00:00;7,5952638;1,34E+07;13400007,6
31/08/2017 00:00;9,6004542;1,70E+07;17000009,6
03/09/2017 00:00;7,07568396;1,60E+07;16000007,08
06/09/2017 00:00;8,7882;1,75E+07;17500008,79
09/09/2017 00:00;7,4198016;1,83E+07;18300007,42
12/09/2017 00:00;8,0227782;2,03E+07;20300008,02
15/09/2017 00:00;9,11711412;1,95E+07;19500009,12
18/09/2017 00:00;6,94938216;1,64E+07;16400006,95
21/09/2017 00:00;8,1036867;2,28E+07;22800008,1
24/09/2017 00:00;5,71399926;1,87E+07;18700005,71
27/09/2017 00:00;7,4880414;1,90E+07;19000007,49
30/09/2017 00:00;6,50984694;1,78E+07;17800006,51
03/10/2017 00:00;9,61696734;2,41E+07;24100009,62
06/10/2017 00:00;8,78095746;2,09E+07;20900008,78
09/10/2017 00:00;8,90203986;2,12E+07;21200008,9
12/10/2017 00:00;8,97384462;2,01E+07;20100008,97
15/10/2017 00:00;10,45708398;2,73E+07;27300010,46
18/10/2017 00:00;9,2187447;2,12E+07;21200009,22
21/10/2017 00:00;9,54792294;2,15E+07;21500009,55
24/10/2017 00:00;10,43093664;2,34E+07;23400010,43
27/10/2017 00:00;6,4393584;1,77E+07;17700006,44
30/10/2017 00:00;9,07145058;2,50E+07;25000009,07
02/11/2017 00:00;9,33656094;2,55E+07;25500009,34
05/11/2017 00:00;8,8209642;2,40E+07;24000008,82
08/11/2017 00:00;8,8718199;2,45E+07;24500008,87
11/11/2017 00:00;5,07960636;1,28E+07;12800005,08
14/11/2017 00:00;7,89052002;2,05E+07;20500007,89
17/11/2017 00:00;10,36597632;2,67E+07;26700010,37
20/11/2017 00:00;10,69616664;2,80E+07;28000010,7
23/11/2017 00:00;9,95594394;2,51E+07;25100009,96
26/11/2017 00:00;9,56761056;2,41E+07;24100009,57
29/11/2017 00:00;11,04856548;2,73E+07;27300011,05
02/12/2017 00:00;10,01064276;2,54E+07;25400010,01
05/12/2017 00:00;11,30647314;2,81E+07;28100011,31
08/12/2017 00:00;9,84066306;2,91E+07;29100009,84
11/12/2017 00:00;10,88019618;3,19E+07;31900010,88
14/12/2017 00:00;11,56439412;3,45E+07;34500011,56
17/12/2017 00:00;11,55592608;3,45E+07;34500011,56
20/12/2017 00:00;8,75404914;2,98E+07;29800008,75
23/12/2017 00:00;8,84071662;3,05E+07;30500008,84
26/12/2017 00:00;8,94866778;3,12E+07;31200008,95
29/12/2017 00:00;10,37276178;3,62E+07;36200010,37
01/01/2018 00:00;9,7660602;3,53E+07;35300009,77
04/01/2018 00:00;10,74359364;3,80E+07;38000010,74
07/01/2018 00:00;10,18401642;3,67E+07;36700010,18
10/01/2018 00:00;10,53962196;3,76E+07;37600010,54
13/01/2018 00:00;9,07086006;3,89E+07;38900009,07
16/01/2018 00:00;10,01751726;4,15E+07;41500010,02
19/01/2018 00:00;10,37872956;4,31E+07;43100010,38
22/01/2018 00:00;10,83200178;4,36E+07;43600010,83
25/01/2018 00:00;10,52589816;4,82E+07;48200010,53
28/01/2018 00:00;9,77396382;4,82E+07;48200009,77
31/01/2018 00:00;7,32067584;3,57E+07;35700007,32
03/02/2018 00:00;9,44745384;4,82E+07;48200009,45
06/02/2018 00:00;10,88874948;5,73E+07;57300010,89
09/02/2018 00:00;8,71715964;4,55E+07;45500008,72
12/02/2018 00:00;10,37126424;5,59E+07;55900010,37
15/02/2018 00:00;8,3622144;4,41E+07;44100008,36
18/02/2018 00:00;9,45529206;5,46E+07;54600009,46
21/02/2018 00:00;9,98885952;5,96E+07;59600009,99
24/02/2018 00:00;8,94267816;5,11E+07;51100008,94
27/02/2018 00:00;9,75544464;5,64E+07;56400009,76
02/03/2018 00:00;8,05956348;5,50E+07;55000008,06
05/03/2018 00:00;9,08358102;5,75E+07;57500009,08
08/03/2018 00:00;9,90879228;6,25E+07;62500009,91
11/03/2018 00:00;9,30072402;5,90E+07;59000009,3
14/03/2018 00:00;6,43366098;5,55E+07;55500006,43
17/03/2018 00:00;4,60792542;5,75E+07;57500004,61
20/03/2018 00:00;6,04938624;5,15E+07;51500006,05
23/03/2018 00:00;6,62777046;5,40E+07;54000006,63
26/03/2018 00:00;6,41172114;6,09E+07;60900006,41
29/03/2018 00:00;6,1990788;6,17E+07;61700006,2
01/04/2018 00:00;4,40485176;6,66E+07;66600004,4
04/04/2018 00:00;6,37991472;6,05E+07;60500006,38
07/04/2018 00:00;5,81931096;7,41E+07;74100005,82
10/04/2018 00:00;6,7217478;6,75E+07;67500006,72
13/04/2018 00:00;7,15531902;6,79E+07;67900007,16
16/04/2018 00:00;8,18544978;6,34E+07;63400008,19
19/04/2018 00:00;6,68354004;8,01E+07;80100006,68
22/04/2018 00:00;5,36493342;7,20E+07;72000005,36
25/04/2018 00:00;7,69757154;5,53E+07;55300007,7
28/04/2018 00:00;6,48402972;6,03E+07;60300006,48
01/05/2018 00:00;6,3826143;7,45E+07;74500006,38
04/05/2018 00:00;8,06322156;6,50E+07;65000008,06
07/05/2018 00:00;7,80931248;7,07E+07;70700007,81
10/05/2018 00:00;6,77640066;7,26E+07;72600006,78
13/05/2018 00:00;5,11794402;7,19E+07;71900005,12
16/05/2018 00:00;6,51485328;8,69E+07;86900006,51
19/05/2018 00:00;5,3615904;7,48E+07;74800005,36
22/05/2018 00:00;6,32127576;7,33E+07;73300006,32
25/05/2018 00:00;6,6006543;8,88E+07;88800006,6
28/05/2018 00:00;6,64654644;7,87E+07;78700006,65
31/05/2018 00:00;7,21021206;8,58E+07;85800007,21
03/06/2018 00:00;7,54316094;8,23E+07;82300007,54
06/06/2018 00:00;8,74664382;8,51E+07;85100008,75
09/06/2018 00:00;5,41333752;8,28E+07;82800005,41
12/06/2018 00:00;9,09090396;8,39E+07;83900009,09
15/06/2018 00:00;7,35636102;8,86E+07;88600007,36
18/06/2018 00:00;6,38328372;9,49E+07;94900006,38
21/06/2018 00:00;6,29078298;1,01E+08;101000006,3
24/06/2018 00:00;4,97340096;1,02E+08;102000005
27/06/2018 00:00;7,89919272;7,20E+07;72000007,9
30/06/2018 00:00;8,35289748;8,39E+07;83900008,35
03/07/2018 00:00;7,75216638;7,29E+07;72900007,75
06/07/2018 00:00;6,58040238;1,01E+08;101000006,6
09/07/2018 00:00;8,65298928;8,55E+07;85500008,65
12/07/2018 00:00;9,97568922;8,86E+07;88600009,98
15/07/2018 00:00;6,1760898;8,36E+07;83600006,18
18/07/2018 00:00;10,92519114;1,06E+08;106000010,9
21/07/2018 00:00;5,88339288;8,31E+07;83100005,88
24/07/2018 00:00;8,75233518;9,65E+07;96500008,75
27/07/2018 00:00;8,88048606;1,01E+08;101000008,9
30/07/2018 00:00;7,32514662;9,34E+07;93400007,33
02/08/2018 00:00;7,40769498;1,07E+08;107000007,4
05/08/2018 00:00;5,54981154;1,12E+08;112000005,5
08/08/2018 00:00;7,65806238;1,09E+08;109000007,7
11/08/2018 00:00;6,23741136;1,27E+08;127000006,2
14/08/2018 00:00;8,25623022;1,02E+08;102000008,3
17/08/2018 00:00;7,59722862;1,14E+08;114000007,6
20/08/2018 00:00;7,36363416;1,12E+08;112000007,4
23/08/2018 00:00;6,86941692;1,12E+08;112000006,9
26/08/2018 00:00;5,91364692;1,36E+08;136000005,9
29/08/2018 00:00;7,57177074;1,10E+08;110000007,6
01/09/2018 00:00;6,96982224;1,19E+08;119000007
04/09/2018 00:00;7,23999078;9,93E+07;99300007,24
07/09/2018 00:00;8,11599138;1,25E+08;125000008,1
10/09/2018 00:00;7,28240022;1,11E+08;111000007,3
13/09/2018 00:00;7,2732435;1,22E+08;122000007,3
16/09/2018 00:00;5,23191882;1,14E+08;114000005,2
19/09/2018 00:00;7,5295326;1,28E+08;128000007,5
22/09/2018 00:00;6,8079618;1,30E+08;130000006,8
25/09/2018 00:00;7,78996152;1,42E+08;142000007,8
28/09/2018 00:00;7,9017585;1,29E+08;129000007,9
01/10/2018 00:00;8,1253641;1,32E+08;132000008,1
04/10/2018 00:00;7,18776048;1,31E+08;131000007,2
07/10/2018 00:00;7,08773244;1,24E+08;124000007,1
10/10/2018 00:00;7,7492637;1,26E+08;126000007,7
13/10/2018 00:00;7,29270774;1,23E+08;123000007,3
16/10/2018 00:00;8,6368179;1,18E+08;118000008,6
19/10/2018 00:00;8,67461964;1,20E+08;120000008,7
22/10/2018 00:00;8,52381798;1,30E+08;130000008,5
25/10/2018 00:00;8,51123706;1,15E+08;115000008,5
28/10/2018 00:00;6,95761596;1,18E+08;118000007
31/10/2018 00:00;8,98090518;1,37E+08;137000009
03/11/2018 00:00;8,55441786;1,36E+08;136000008,6
06/11/2018 00:00;8,2332552;1,08E+08;108000008,2
09/11/2018 00:00;8,65019184;1,07E+08;107000008,7
12/11/2018 00:00;8,9617716;1,18E+08;118000009
15/11/2018 00:00;9,09557544;1,07E+08;107000009,1
18/11/2018 00:00;7,04254728;9,59E+07;95900007,04
21/11/2018 00:00;7,64534118;8,19E+07;81900007,65
24/11/2018 00:00;8,41075296;1,11E+08;111000008,4
27/11/2018 00:00;8,42005674;1,02E+08;102000008,4
30/11/2018 00:00;7,33133568;7,87E+07;78700007,33
03/12/2018 00:00;7,5310332;7,54E+07;75400007,53
06/12/2018 00:00;8,84463114;8,93E+07;89300008,84
09/12/2018 00:00;7,28710368;8,47E+07;84700007,29
12/12/2018 00:00;8,16165;7,94E+07;79400008,16
15/12/2018 00:00;8,4201783;9,86E+07;98600008,42
18/12/2018 00:00;8,28207588;7,66E+07;76600008,28
21/12/2018 00:00;8,8061088;8,38E+07;83800008,81
24/12/2018 00:00;8,50654644;9,09E+07;90900008,51
27/12/2018 00:00;9,2458875;1,04E+08;104000009,2
30/12/2018 00:00;8,0518605;1,05E+08;105000008,1
02/01/2019 00:00;8,5876176;9,94E+07;9,94E+07
05/01/2019 00:00;7,95061014;1,07E+08;107000008
08/01/2019 00:00;8,8008102;1,11E+08;111000008,8
11/01/2019 00:00;8,73050256;9,74E+07;97400008,73
14/01/2019 00:00;8,55243282;1,03E+08;103000008,6
17/01/2019 00:00;8,36077206;8,76E+07;87600008,36
20/01/2019 00:00;7,59049524;1,08E+08;108000007,6
23/01/2019 00:00;8,98873566;1,01E+08;101000009
26/01/2019 00:00;8,82661914;1,03E+08;103000008,8
29/01/2019 00:00;8,84955162;9,95E+07;99500008,85
01/02/2019 00:00;9,7131363;1,08E+08;108000009,7
04/02/2019 00:00;8,92935504;1,00E+08;100000008,9
07/02/2019 00:00;9,83674446;1,19E+08;119000009,8
10/02/2019 00:00;7,55362422;9,94E+07;99400007,55
13/02/2019 00:00;10,587162;1,09E+08;109000010,6
16/02/2019 00:00;9,07884024;1,07E+08;107000009,1
19/02/2019 00:00;9,92601096;1,11E+08;111000009,9
22/02/2019 00:00;10,5479907;1,15E+08;115000010,5
25/02/2019 00:00;9,51973446;1,02E+08;102000009,5
28/02/2019 00:00;10,17663546;1,07E+08;107000010,2
03/03/2019 00:00;8,79136416;1,04E+08;104000008,8
06/03/2019 00:00;9,48978666;9,11E+07;91100009,49
09/03/2019 00:00;7,3064667;9,82E+07;98200007,31
12/03/2019 00:00;8,61570252;1,02E+08;102000008,6
15/03/2019 00:00;9,06606162;1,09E+08;109000009,1
18/03/2019 00:00;8,9542668;1,14E+08;114000009
21/03/2019 00:00;8,92016574;1,02E+08;102000008,9
24/03/2019 00:00;6,78281928;1,12E+08;112000006,8
27/03/2019 00:00;10,72469058;1,11E+08;111000010,7
30/03/2019 00:00;10,04903454;1,04E+08;104000010
02/04/2019 00:00;11,4500757;1,17E+08;117000011,5
05/04/2019 00:00;11,76438474;1,18E+08;118000011,8
08/04/2019 00:00;10,8191355;1,11E+08;111000010,8
11/04/2019 00:00;11,31994662;1,18E+08;118000011,3
14/04/2019 00:00;8,75666994;9,14E+07;91400008,76
17/04/2019 00:00;10,17926916;1,03E+08;103000010,2
20/04/2019 00:00;9,75077394;9,81E+07;98100009,75
23/04/2019 00:00;8,74014102;8,64E+07;86400008,74
26/04/2019 00:00;11,37474582;1,12E+08;112000011,4
29/04/2019 00:00;11,76795726;1,21E+08;121000011,8
02/05/2019 00:00;12,15351108;1,37E+08;137000012,2
05/05/2019 00:00;9,25942536;1,01E+08;101000009,3
08/05/2019 00:00;11,33682984;1,19E+08;119000011,3
11/05/2019 00:00;9,67663932;1,02E+08;102000009,7
14/05/2019 00:00;11,22386652;1,19E+08;119000011,2
17/05/2019 00:00;11,42832666;1,19E+08;119000011,4
20/05/2019 00:00;11,37288834;1,26E+08;126000011,4
23/05/2019 00:00;11,63191416;1,24E+08;124000011,6
26/05/2019 00:00;9,91342866;1,30E+08;130000009,9
29/05/2019 00:00;12,78118068;1,37E+08;137000012,8
01/06/2019 00:00;11,27142144;1,32E+08;132000011,3
04/06/2019 00:00;11,5801083;1,35E+08;135000011,6
07/06/2019 00:00;11,26016202;1,38E+08;138000011,3
10/06/2019 00:00;10,84063554;1,37E+08;137000010,8
13/06/2019 00:00;11,4535509;1,32E+08;132000011,5
16/06/2019 00:00;9,16594938;1,13E+08;113000009,2
19/06/2019 00:00;12,314502;1,54E+08;154000012,3
22/06/2019 00:00;10,23058248;1,22E+08;122000010,2
25/06/2019 00:00;10,9128948;1,27E+08;127000010,9
28/06/2019 00:00;12,27867468;1,52E+08;152000012,3
01/07/2019 00:00;10,83682614;1,33E+08;133000010,8
04/07/2019 00:00;11,41967418;1,55E+08;155000011,4
07/07/2019 00:00;8,78349366;1,42E+08;142000008,8
10/07/2019 00:00;9,83163354;1,37E+08;137000009,8
13/07/2019 00:00;8,8710087;1,50E+08;150000008,9
16/07/2019 00:00;10,6810677;1,72E+08;172000010,7
19/07/2019 00:00;8,94136296;1,25E+08;125000008,9
22/07/2019 00:00;9,52252224;1,68E+08;168000009,5
25/07/2019 00:00;10,19997708;1,58E+08;158000010,2
28/07/2019 00:00;7,38828888;1,85E+08;185000007,4
31/07/2019 00:00;10,33556988;1,81E+08;181000010,3
03/08/2019 00:00;8,7973875;1,83E+08;183000008,8
06/08/2019 00:00;11,06355138;1,88E+08;188000011,1
09/08/2019 00:00;10,2010332;1,72E+08;172000010,2
12/08/2019 00:00;8,26727382;1,56E+08;156000008,3
15/08/2019 00:00;10,04310078;1,84E+08;184000010
18/08/2019 00:00;7,1782893;1,50E+08;150000007,2
21/08/2019 00:00;9,69745836;1,62E+08;162000009,7
24/08/2019 00:00;9,3804219;1,91E+08;191000009,4
27/08/2019 00:00;9,39388896;1,61E+08;161000009,4
30/08/2019 00:00;9,65194848;1,91E+08;191000009,7
02/09/2019 00:00;9,43853334;1,88E+08;188000009,4
05/09/2019 00:00;10,10574732;2,08E+08;208000010,1
08/09/2019 00:00;7,51016802;2,23E+08;223000007,5
11/09/2019 00:00;10,52610762;2,32E+08;232000010,5
14/09/2019 00:00;8,40405036;2,16E+08;216000008,4
17/09/2019 00:00;10,28048622;2,06E+08;206000010,3
20/09/2019 00:00;9,42477384;2,10E+08;210000009,4
23/09/2019 00:00;8,50704156;1,59E+08;159000008,5
26/09/2019 00:00;9,95976678;2,56E+08;256000010
29/09/2019 00:00;7,33628856;2,03E+08;203000007,3
02/10/2019 00:00;8,93299518;2,21E+08;221000008,9
05/10/2019 00:00;8,39443248;2,36E+08;236000008,4
08/10/2019 00:00;9,39438918;2,42E+08;242000009,4
11/10/2019 00:00;9,51981894;2,38E+08;238000009,5
14/10/2019 00:00;8,58090768;2,06E+08;206000008,6
17/10/2019 00:00;9,88738182;2,29E+08;229000009,9
20/10/2019 00:00;7,4047983;2,23E+08;223000007,4
23/10/2019 00:00;9,86238816;2,70E+08;270000009,9
26/10/2019 00:00;10,29019806;2,25E+08;225000010,3
29/10/2019 00:00;9,25082064;2,13E+08;213000009,3
01/11/2019 00:00;9,68052468;2,09E+08;209000009,7
04/11/2019 00:00;9,22736676;2,12E+08;212000009,2
07/11/2019 00:00;9,54813408;2,01E+08;201000009,5
10/11/2019 00:00;8,25826344;2,47E+08;247000008,3
13/11/2019 00:00;9,35876634;2,01E+08;201000009,4
16/11/2019 00:00;10,402956;2,21E+08;221000010,4
19/11/2019 00:00;10,08846978;2,19E+08;219000010,1
22/11/2019 00:00;9,9057684;2,01E+08;201000009,9
25/11/2019 00:00;8,07061068;1,90E+08;190000008,1
28/11/2019 00:00;8,54226708;2,48E+08;248000008,5
01/12/2019 00:00;7,26099552;2,11E+08;211000007,3
04/12/2019 00:00;9,36220356;2,54E+08;254000009,4
